date,load
2015-01-01 00:00:00+00:00,11660.652173913044
2015-01-02 00:00:00+00:00,14073.083333333334
2015-01-03 00:00:00+00:00,13103.916666666666
2015-01-04 00:00:00+00:00,12176.75
2015-01-05 00:00:00+00:00,14388.208333333334
2015-01-06 00:00:00+00:00,13036.666666666666
2015-01-07 00:00:00+00:00,19152.25
2015-01-08 00:00:00+00:00,20310.125
2015-01-09 00:00:00+00:00,20333.666666666668
2015-01-10 00:00:00+00:00,15922.625
2015-01-11 00:00:00+00:00,13663.416666666666
2015-01-12 00:00:00+00:00,19954.25
2015-01-13 00:00:00+00:00,21161.583333333332
2015-01-14 00:00:00+00:00,21484.666666666668
2015-01-15 00:00:00+00:00,21619.041666666668
2015-01-16 00:00:00+00:00,22074.0
2015-01-17 00:00:00+00:00,16569.375
2015-01-18 00:00:00+00:00,14136.208333333334
2015-01-19 00:00:00+00:00,20323.125
2015-01-20 00:00:00+00:00,21497.333333333332
2015-01-21 00:00:00+00:00,21870.5
2015-01-22 00:00:00+00:00,21662.541666666668
2015-01-23 00:00:00+00:00,21154.083333333332
2015-01-24 00:00:00+00:00,16466.666666666668
2015-01-25 00:00:00+00:00,13942.291666666666
2015-01-26 00:00:00+00:00,20239.041666666668
2015-01-27 00:00:00+00:00,21272.875
2015-01-28 00:00:00+00:00,21496.625
2015-01-29 00:00:00+00:00,21743.75
2015-01-30 00:00:00+00:00,21113.833333333332
2015-01-31 00:00:00+00:00,16968.833333333332
2015-02-01 00:00:00+00:00,14063.625
2015-02-02 00:00:00+00:00,20174.75
2015-02-03 00:00:00+00:00,21354.0
2015-02-04 00:00:00+00:00,21950.166666666668
2015-02-05 00:00:00+00:00,21855.416666666668
2015-02-06 00:00:00+00:00,21532.416666666668
2015-02-07 00:00:00+00:00,17174.833333333332
2015-02-08 00:00:00+00:00,14533.958333333334
2015-02-09 00:00:00+00:00,20615.25
2015-02-10 00:00:00+00:00,21360.375
2015-02-11 00:00:00+00:00,21609.666666666668
2015-02-12 00:00:00+00:00,21190.333333333332
2015-02-13 00:00:00+00:00,21455.916666666668
2015-02-14 00:00:00+00:00,17480.708333333332
2015-02-15 00:00:00+00:00,14313.791666666666
2015-02-16 00:00:00+00:00,20036.75
2015-02-17 00:00:00+00:00,20610.291666666668
2015-02-18 00:00:00+00:00,21019.125
2015-02-19 00:00:00+00:00,21095.583333333332
2015-02-20 00:00:00+00:00,20927.791666666668
2015-02-21 00:00:00+00:00,17123.458333333332
2015-02-22 00:00:00+00:00,14144.25
2015-02-23 00:00:00+00:00,19882.916666666668
2015-02-24 00:00:00+00:00,21228.208333333332
2015-02-25 00:00:00+00:00,21184.875
2015-02-26 00:00:00+00:00,20665.958333333332
2015-02-27 00:00:00+00:00,20435.166666666668
2015-02-28 00:00:00+00:00,16316.666666666666
2015-03-01 00:00:00+00:00,13749.75
2015-03-02 00:00:00+00:00,19501.041666666668
2015-03-03 00:00:00+00:00,20255.458333333332
2015-03-04 00:00:00+00:00,20758.208333333332
2015-03-05 00:00:00+00:00,20526.625
2015-03-06 00:00:00+00:00,20267.125
2015-03-07 00:00:00+00:00,15925.291666666666
2015-03-08 00:00:00+00:00,13491.208333333334
2015-03-09 00:00:00+00:00,19190.333333333332
2015-03-10 00:00:00+00:00,20118.666666666668
2015-03-11 00:00:00+00:00,20438.875
2015-03-12 00:00:00+00:00,20279.083333333332
2015-03-13 00:00:00+00:00,19789.25
2015-03-14 00:00:00+00:00,16005.625
2015-03-15 00:00:00+00:00,13452.125
2015-03-16 00:00:00+00:00,19816.416666666668
2015-03-17 00:00:00+00:00,20503.625
2015-03-18 00:00:00+00:00,20248.583333333332
2015-03-19 00:00:00+00:00,20045.416666666668
2015-03-20 00:00:00+00:00,19790.958333333332
2015-03-21 00:00:00+00:00,16007.083333333334
2015-03-22 00:00:00+00:00,13518.416666666666
2015-03-23 00:00:00+00:00,18686.166666666668
2015-03-24 00:00:00+00:00,20076.291666666668
2015-03-25 00:00:00+00:00,20554.25
2015-03-26 00:00:00+00:00,20322.625
2015-03-27 00:00:00+00:00,19032.833333333332
2015-03-28 00:00:00+00:00,15061.375
2015-03-29 00:00:00+00:00,12768.791666666666
2015-03-30 00:00:00+00:00,18551.041666666668
2015-03-31 00:00:00+00:00,19620.375
2015-04-01 00:00:00+00:00,19645.5
2015-04-02 00:00:00+00:00,19354.5
2015-04-03 00:00:00+00:00,18212.166666666668
2015-04-04 00:00:00+00:00,13472.666666666666
2015-04-05 00:00:00+00:00,10823.375
2015-04-06 00:00:00+00:00,11043.625
2015-04-07 00:00:00+00:00,18374.708333333332
2015-04-08 00:00:00+00:00,19614.125
2015-04-09 00:00:00+00:00,19558.708333333332
2015-04-10 00:00:00+00:00,19124.75
2015-04-11 00:00:00+00:00,14894.208333333334
2015-04-12 00:00:00+00:00,12183.583333333334
2015-04-13 00:00:00+00:00,17909.208333333332
2015-04-14 00:00:00+00:00,19023.208333333332
2015-04-15 00:00:00+00:00,19064.458333333332
2015-04-16 00:00:00+00:00,19477.375
2015-04-17 00:00:00+00:00,19290.416666666668
2015-04-18 00:00:00+00:00,14802.708333333334
2015-04-19 00:00:00+00:00,12370.083333333334
2015-04-20 00:00:00+00:00,17863.541666666668
2015-04-21 00:00:00+00:00,18458.791666666668
2015-04-22 00:00:00+00:00,19088.75
2015-04-23 00:00:00+00:00,18876.375
2015-04-24 00:00:00+00:00,18420.25
2015-04-25 00:00:00+00:00,12785.125
2015-04-26 00:00:00+00:00,12085.125
2015-04-27 00:00:00+00:00,18529.875
2015-04-28 00:00:00+00:00,18801.958333333332
2015-04-29 00:00:00+00:00,18842.125
2015-04-30 00:00:00+00:00,18413.5
2015-05-01 00:00:00+00:00,11888.583333333334
2015-05-02 00:00:00+00:00,12468.291666666666
2015-05-03 00:00:00+00:00,11883.416666666666
2015-05-04 00:00:00+00:00,18304.041666666668
2015-05-05 00:00:00+00:00,19392.083333333332
2015-05-06 00:00:00+00:00,19447.166666666668
2015-05-07 00:00:00+00:00,19261.375
2015-05-08 00:00:00+00:00,19347.0
2015-05-09 00:00:00+00:00,15052.5
2015-05-10 00:00:00+00:00,12459.916666666666
2015-05-11 00:00:00+00:00,18298.958333333332
2015-05-12 00:00:00+00:00,19560.041666666668
2015-05-13 00:00:00+00:00,19868.625
2015-05-14 00:00:00+00:00,19966.958333333332
2015-05-15 00:00:00+00:00,19852.791666666668
2015-05-16 00:00:00+00:00,14983.208333333334
2015-05-17 00:00:00+00:00,12805.208333333334
2015-05-18 00:00:00+00:00,18727.291666666668
2015-05-19 00:00:00+00:00,19998.708333333332
2015-05-20 00:00:00+00:00,19997.083333333332
2015-05-21 00:00:00+00:00,19223.0
2015-05-22 00:00:00+00:00,18956.208333333332
2015-05-23 00:00:00+00:00,14998.541666666666
2015-05-24 00:00:00+00:00,12352.166666666666
2015-05-25 00:00:00+00:00,18282.75
2015-05-26 00:00:00+00:00,19211.0
2015-05-27 00:00:00+00:00,19153.75
2015-05-28 00:00:00+00:00,19040.083333333332
2015-05-29 00:00:00+00:00,18705.291666666668
2015-05-30 00:00:00+00:00,14410.541666666666
2015-05-31 00:00:00+00:00,12829.416666666666
2015-06-01 00:00:00+00:00,14343.0
2015-06-02 00:00:00+00:00,12543.333333333334
2015-06-03 00:00:00+00:00,19147.708333333332
2015-06-04 00:00:00+00:00,20862.666666666668
2015-06-05 00:00:00+00:00,21548.458333333332
2015-06-06 00:00:00+00:00,17582.125
2015-06-07 00:00:00+00:00,14974.541666666666
2015-06-08 00:00:00+00:00,21322.041666666668
2015-06-09 00:00:00+00:00,21643.375
2015-06-10 00:00:00+00:00,21701.416666666668
2015-06-11 00:00:00+00:00,21842.041666666668
2015-06-12 00:00:00+00:00,21798.541666666668
2015-06-13 00:00:00+00:00,16981.25
2015-06-14 00:00:00+00:00,14023.708333333334
2015-06-15 00:00:00+00:00,20169.916666666668
2015-06-16 00:00:00+00:00,21255.041666666668
2015-06-17 00:00:00+00:00,21224.708333333332
2015-06-18 00:00:00+00:00,20931.291666666668
2015-06-19 00:00:00+00:00,21033.25
2015-06-20 00:00:00+00:00,15720.166666666666
2015-06-21 00:00:00+00:00,13122.541666666666
2015-06-22 00:00:00+00:00,19458.125
2015-06-23 00:00:00+00:00,20739.541666666668
2015-06-24 00:00:00+00:00,20114.291666666668
2015-06-25 00:00:00+00:00,20344.791666666668
2015-06-26 00:00:00+00:00,20331.541666666668
2015-06-27 00:00:00+00:00,16139.083333333334
2015-06-28 00:00:00+00:00,13884.916666666666
2015-06-29 00:00:00+00:00,20088.25
2015-06-30 00:00:00+00:00,21377.125
2015-07-01 00:00:00+00:00,22205.208333333332
2015-07-02 00:00:00+00:00,22844.791666666668
2015-07-03 00:00:00+00:00,23253.166666666668
2015-07-04 00:00:00+00:00,18539.291666666668
2015-07-05 00:00:00+00:00,16485.0
2015-07-06 00:00:00+00:00,23933.291666666668
2015-07-07 00:00:00+00:00,25652.416666666668
2015-07-08 00:00:00+00:00,25354.375
2015-07-09 00:00:00+00:00,23214.958333333332
2015-07-10 00:00:00+00:00,22312.333333333332
2015-07-11 00:00:00+00:00,17762.0
2015-07-12 00:00:00+00:00,15597.75
2015-07-13 00:00:00+00:00,22780.541666666668
2015-07-14 00:00:00+00:00,24146.833333333332
2015-07-15 00:00:00+00:00,25132.25
2015-07-16 00:00:00+00:00,25437.625
2015-07-17 00:00:00+00:00,25166.25
2015-07-18 00:00:00+00:00,20128.291666666668
2015-07-19 00:00:00+00:00,17606.416666666668
2015-07-20 00:00:00+00:00,24595.666666666668
2015-07-21 00:00:00+00:00,26032.25
2015-07-22 00:00:00+00:00,26447.916666666668
2015-07-23 00:00:00+00:00,26040.916666666668
2015-07-24 00:00:00+00:00,24885.375
2015-07-25 00:00:00+00:00,19063.75
2015-07-26 00:00:00+00:00,15364.458333333334
2015-07-27 00:00:00+00:00,21921.791666666668
2015-07-28 00:00:00+00:00,22750.833333333332
2015-07-29 00:00:00+00:00,22723.416666666668
2015-07-30 00:00:00+00:00,21670.0
2015-07-31 00:00:00+00:00,20010.291666666668
2015-08-01 00:00:00+00:00,15445.083333333334
2015-08-02 00:00:00+00:00,13025.208333333334
2015-08-03 00:00:00+00:00,17970.416666666668
2015-08-04 00:00:00+00:00,19193.166666666668
2015-08-05 00:00:00+00:00,19714.666666666668
2015-08-06 00:00:00+00:00,19991.541666666668
2015-08-07 00:00:00+00:00,19313.5
2015-08-08 00:00:00+00:00,16043.416666666666
2015-08-09 00:00:00+00:00,13985.083333333334
2015-08-10 00:00:00+00:00,14646.291666666666
2015-08-11 00:00:00+00:00,15038.25
2015-08-12 00:00:00+00:00,15702.875
2015-08-13 00:00:00+00:00,15839.583333333334
2015-08-14 00:00:00+00:00,14806.75
2015-08-15 00:00:00+00:00,11847.958333333334
2015-08-16 00:00:00+00:00,10952.0
2015-08-17 00:00:00+00:00,13182.875
2015-08-18 00:00:00+00:00,13536.958333333334
2015-08-19 00:00:00+00:00,13515.666666666666
2015-08-20 00:00:00+00:00,13843.083333333334
2015-08-21 00:00:00+00:00,14166.25
2015-08-22 00:00:00+00:00,12899.458333333334
2015-08-23 00:00:00+00:00,12197.208333333334
2015-08-24 00:00:00+00:00,16440.666666666668
2015-08-25 00:00:00+00:00,17473.583333333332
2015-08-26 00:00:00+00:00,17874.25
2015-08-27 00:00:00+00:00,18557.833333333332
2015-08-28 00:00:00+00:00,18963.208333333332
2015-08-29 00:00:00+00:00,15992.583333333334
2015-08-30 00:00:00+00:00,14385.583333333334
2015-08-31 00:00:00+00:00,20444.833333333332
2015-09-01 00:00:00+00:00,21439.541666666668
2015-09-02 00:00:00+00:00,21803.291666666668
2015-09-03 00:00:00+00:00,21115.708333333332
2015-09-04 00:00:00+00:00,20833.541666666668
2015-09-05 00:00:00+00:00,15964.416666666666
2015-09-06 00:00:00+00:00,13191.833333333334
2015-09-07 00:00:00+00:00,18668.791666666668
2015-09-08 00:00:00+00:00,19651.25
2015-09-09 00:00:00+00:00,20086.833333333332
2015-09-10 00:00:00+00:00,20151.125
2015-09-11 00:00:00+00:00,19951.958333333332
2015-09-12 00:00:00+00:00,15599.625
2015-09-13 00:00:00+00:00,13182.333333333334
2015-09-14 00:00:00+00:00,19152.958333333332
2015-09-15 00:00:00+00:00,20125.041666666668
2015-09-16 00:00:00+00:00,20595.125
2015-09-17 00:00:00+00:00,20759.416666666668
2015-09-18 00:00:00+00:00,19365.291666666668
2015-09-19 00:00:00+00:00,14262.333333333334
2015-09-20 00:00:00+00:00,11940.875
2015-09-21 00:00:00+00:00,18184.583333333332
2015-09-22 00:00:00+00:00,19370.708333333332
2015-09-23 00:00:00+00:00,19531.208333333332
2015-09-24 00:00:00+00:00,18879.291666666668
2015-09-25 00:00:00+00:00,18549.625
2015-09-26 00:00:00+00:00,14798.208333333334
2015-09-27 00:00:00+00:00,12604.041666666666
2015-09-28 00:00:00+00:00,18036.291666666668
2015-09-29 00:00:00+00:00,18808.166666666668
2015-09-30 00:00:00+00:00,19197.541666666668
2015-10-01 00:00:00+00:00,19071.041666666668
2015-10-02 00:00:00+00:00,19137.541666666668
2015-10-03 00:00:00+00:00,14986.416666666666
2015-10-04 00:00:00+00:00,12483.375
2015-10-05 00:00:00+00:00,17669.958333333332
2015-10-06 00:00:00+00:00,19261.833333333332
2015-10-07 00:00:00+00:00,20044.708333333332
2015-10-08 00:00:00+00:00,19942.833333333332
2015-10-09 00:00:00+00:00,19610.791666666668
2015-10-10 00:00:00+00:00,14963.5
2015-10-11 00:00:00+00:00,12493.625
2015-10-12 00:00:00+00:00,18832.375
2015-10-13 00:00:00+00:00,20256.5
2015-10-14 00:00:00+00:00,20136.166666666668
2015-10-15 00:00:00+00:00,19804.125
2015-10-16 00:00:00+00:00,19568.958333333332
2015-10-17 00:00:00+00:00,15284.375
2015-10-18 00:00:00+00:00,12998.625
2015-10-19 00:00:00+00:00,18729.25
2015-10-20 00:00:00+00:00,19771.958333333332
2015-10-21 00:00:00+00:00,19721.041666666668
2015-10-22 00:00:00+00:00,19713.458333333332
2015-10-23 00:00:00+00:00,19340.5
2015-10-24 00:00:00+00:00,14897.25
2015-10-25 00:00:00+00:00,13334.541666666666
2015-10-26 00:00:00+00:00,18798.666666666668
2015-10-27 00:00:00+00:00,19994.75
2015-10-28 00:00:00+00:00,20344.875
2015-10-29 00:00:00+00:00,19886.625
2015-10-30 00:00:00+00:00,18811.5
2015-10-31 00:00:00+00:00,14939.208333333334
2015-11-01 00:00:00+00:00,12226.458333333334
2015-11-02 00:00:00+00:00,18534.708333333332
2015-11-03 00:00:00+00:00,20269.25
2015-11-04 00:00:00+00:00,20444.25
2015-11-05 00:00:00+00:00,20367.25
2015-11-06 00:00:00+00:00,19962.0
2015-11-07 00:00:00+00:00,15424.291666666666
2015-11-08 00:00:00+00:00,12885.875
2015-11-09 00:00:00+00:00,19067.708333333332
2015-11-10 00:00:00+00:00,20290.25
2015-11-11 00:00:00+00:00,20227.833333333332
2015-11-12 00:00:00+00:00,20175.0
2015-11-13 00:00:00+00:00,19692.25
2015-11-14 00:00:00+00:00,15416.083333333334
2015-11-15 00:00:00+00:00,13068.708333333334
2015-11-16 00:00:00+00:00,19725.083333333332
2015-11-17 00:00:00+00:00,20796.416666666668
2015-11-18 00:00:00+00:00,20948.166666666668
2015-11-19 00:00:00+00:00,21011.791666666668
2015-11-20 00:00:00+00:00,20700.083333333332
2015-11-21 00:00:00+00:00,16117.833333333334
2015-11-22 00:00:00+00:00,13584.833333333334
2015-11-23 00:00:00+00:00,20463.791666666668
2015-11-24 00:00:00+00:00,21275.041666666668
2015-11-25 00:00:00+00:00,21901.333333333332
2015-11-26 00:00:00+00:00,21722.375
2015-11-27 00:00:00+00:00,21293.0
2015-11-28 00:00:00+00:00,16641.833333333332
2015-11-29 00:00:00+00:00,13995.375
2015-11-30 00:00:00+00:00,20389.875
2015-12-01 00:00:00+00:00,21028.583333333332
2015-12-02 00:00:00+00:00,21532.0
2015-12-03 00:00:00+00:00,21646.083333333332
2015-12-04 00:00:00+00:00,21692.0
2015-12-05 00:00:00+00:00,16693.916666666668
2015-12-06 00:00:00+00:00,14424.833333333334
2015-12-07 00:00:00+00:00,16231.416666666666
2015-12-08 00:00:00+00:00,14094.083333333334
2015-12-09 00:00:00+00:00,21000.208333333332
2015-12-10 00:00:00+00:00,21868.333333333332
2015-12-11 00:00:00+00:00,21431.666666666668
2015-12-12 00:00:00+00:00,16716.416666666668
2015-12-13 00:00:00+00:00,14256.541666666666
2015-12-14 00:00:00+00:00,20711.416666666668
2015-12-15 00:00:00+00:00,21938.708333333332
2015-12-16 00:00:00+00:00,21725.125
2015-12-17 00:00:00+00:00,21422.583333333332
2015-12-18 00:00:00+00:00,20908.125
2015-12-19 00:00:00+00:00,16280.5
2015-12-20 00:00:00+00:00,13944.833333333334
2015-12-21 00:00:00+00:00,19425.833333333332
2015-12-22 00:00:00+00:00,19090.458333333332
2015-12-23 00:00:00+00:00,18345.958333333332
2015-12-24 00:00:00+00:00,14035.625
2015-12-25 00:00:00+00:00,11225.5
2015-12-26 00:00:00+00:00,11493.041666666666
2015-12-27 00:00:00+00:00,12204.666666666666
2015-12-28 00:00:00+00:00,15573.25
2015-12-29 00:00:00+00:00,15785.5
2015-12-30 00:00:00+00:00,15003.416666666666
2015-12-31 00:00:00+00:00,13734.0
2016-01-01 00:00:00+00:00,11552.208333333334
2016-01-02 00:00:00+00:00,12977.708333333334
2016-01-03 00:00:00+00:00,12177.666666666666
2016-01-04 00:00:00+00:00,16039.25
2016-01-05 00:00:00+00:00,16349.541666666666
2016-01-06 00:00:00+00:00,13403.333333333334
2016-01-07 00:00:00+00:00,18936.0
2016-01-08 00:00:00+00:00,19533.833333333332
2016-01-09 00:00:00+00:00,15872.458333333334
2016-01-10 00:00:00+00:00,13592.416666666666
2016-01-11 00:00:00+00:00,20055.25
2016-01-12 00:00:00+00:00,20686.083333333332
2016-01-13 00:00:00+00:00,21054.708333333332
2016-01-14 00:00:00+00:00,21641.333333333332
2016-01-15 00:00:00+00:00,21226.208333333332
2016-01-16 00:00:00+00:00,16442.666666666668
2016-01-17 00:00:00+00:00,13950.125
2016-01-18 00:00:00+00:00,20819.791666666668
2016-01-19 00:00:00+00:00,22069.458333333332
2016-01-20 00:00:00+00:00,22111.708333333332
2016-01-21 00:00:00+00:00,21930.541666666668
2016-01-22 00:00:00+00:00,21909.291666666668
2016-01-23 00:00:00+00:00,17101.958333333332
2016-01-24 00:00:00+00:00,14417.625
2016-01-25 00:00:00+00:00,20635.708333333332
2016-01-26 00:00:00+00:00,21480.166666666668
2016-01-27 00:00:00+00:00,21695.541666666668
2016-01-28 00:00:00+00:00,21631.291666666668
2016-01-29 00:00:00+00:00,21007.0
2016-01-30 00:00:00+00:00,16432.041666666668
2016-01-31 00:00:00+00:00,13685.625
2016-02-01 00:00:00+00:00,20240.708333333332
2016-02-02 00:00:00+00:00,21601.5
2016-02-03 00:00:00+00:00,21784.333333333332
2016-02-04 00:00:00+00:00,21117.666666666668
2016-02-05 00:00:00+00:00,20774.208333333332
2016-02-06 00:00:00+00:00,16483.166666666668
2016-02-07 00:00:00+00:00,14339.541666666666
2016-02-08 00:00:00+00:00,20248.458333333332
2016-02-09 00:00:00+00:00,21169.0
2016-02-10 00:00:00+00:00,20698.291666666668
2016-02-11 00:00:00+00:00,20804.625
2016-02-12 00:00:00+00:00,20937.75
2016-02-13 00:00:00+00:00,16336.875
2016-02-14 00:00:00+00:00,14116.25
2016-02-15 00:00:00+00:00,19831.25
2016-02-16 00:00:00+00:00,21304.416666666668
2016-02-17 00:00:00+00:00,21514.0
2016-02-18 00:00:00+00:00,20841.625
2016-02-19 00:00:00+00:00,20552.625
2016-02-20 00:00:00+00:00,15870.041666666666
2016-02-21 00:00:00+00:00,13161.625
2016-02-22 00:00:00+00:00,19538.458333333332
2016-02-23 00:00:00+00:00,20624.041666666668
2016-02-24 00:00:00+00:00,20716.416666666668
2016-02-25 00:00:00+00:00,20725.875
2016-02-26 00:00:00+00:00,20711.375
2016-02-27 00:00:00+00:00,16631.708333333332
2016-02-28 00:00:00+00:00,14122.0
2016-02-29 00:00:00+00:00,19803.291666666668
2016-03-01 00:00:00+00:00,20628.625
2016-03-02 00:00:00+00:00,20869.916666666668
2016-03-03 00:00:00+00:00,20929.958333333332
2016-03-04 00:00:00+00:00,20449.75
2016-03-05 00:00:00+00:00,16732.541666666668
2016-03-06 00:00:00+00:00,13737.625
2016-03-07 00:00:00+00:00,19969.416666666668
2016-03-08 00:00:00+00:00,21220.416666666668
2016-03-09 00:00:00+00:00,21257.208333333332
2016-03-10 00:00:00+00:00,20223.083333333332
2016-03-11 00:00:00+00:00,20268.125
2016-03-12 00:00:00+00:00,15252.0
2016-03-13 00:00:00+00:00,12979.875
2016-03-14 00:00:00+00:00,18898.625
2016-03-15 00:00:00+00:00,19967.125
2016-03-16 00:00:00+00:00,20698.041666666668
2016-03-17 00:00:00+00:00,19710.625
2016-03-18 00:00:00+00:00,19390.583333333332
2016-03-19 00:00:00+00:00,14898.791666666666
2016-03-20 00:00:00+00:00,12712.291666666666
2016-03-21 00:00:00+00:00,18336.583333333332
2016-03-22 00:00:00+00:00,19383.75
2016-03-23 00:00:00+00:00,19585.25
2016-03-24 00:00:00+00:00,19172.875
2016-03-25 00:00:00+00:00,18088.333333333332
2016-03-26 00:00:00+00:00,12735.625
2016-03-27 00:00:00+00:00,10452.875
2016-03-28 00:00:00+00:00,10797.291666666666
2016-03-29 00:00:00+00:00,17590.875
2016-03-30 00:00:00+00:00,19571.708333333332
2016-03-31 00:00:00+00:00,19580.208333333332
2016-04-01 00:00:00+00:00,19529.875
2016-04-02 00:00:00+00:00,14820.083333333334
2016-04-03 00:00:00+00:00,12391.916666666666
2016-04-04 00:00:00+00:00,18295.791666666668
2016-04-05 00:00:00+00:00,19014.791666666668
2016-04-06 00:00:00+00:00,19016.541666666668
2016-04-07 00:00:00+00:00,18879.5
2016-04-08 00:00:00+00:00,19222.375
2016-04-09 00:00:00+00:00,14608.958333333334
2016-04-10 00:00:00+00:00,12045.583333333334
2016-04-11 00:00:00+00:00,17778.041666666668
2016-04-12 00:00:00+00:00,18893.416666666668
2016-04-13 00:00:00+00:00,18966.708333333332
2016-04-14 00:00:00+00:00,18796.541666666668
2016-04-15 00:00:00+00:00,18519.041666666668
2016-04-16 00:00:00+00:00,14406.916666666666
2016-04-17 00:00:00+00:00,12181.208333333334
2016-04-18 00:00:00+00:00,17681.583333333332
2016-04-19 00:00:00+00:00,18583.833333333332
2016-04-20 00:00:00+00:00,17808.291666666668
2016-04-21 00:00:00+00:00,18561.625
2016-04-22 00:00:00+00:00,18305.0
2016-04-23 00:00:00+00:00,14135.958333333334
2016-04-24 00:00:00+00:00,11500.875
2016-04-25 00:00:00+00:00,10912.958333333334
2016-04-26 00:00:00+00:00,18050.416666666668
2016-04-27 00:00:00+00:00,18868.25
2016-04-28 00:00:00+00:00,18985.125
2016-04-29 00:00:00+00:00,18504.166666666668
2016-04-30 00:00:00+00:00,14993.875
2016-05-01 00:00:00+00:00,11000.125
2016-05-02 00:00:00+00:00,17585.041666666668
2016-05-03 00:00:00+00:00,18441.875
2016-05-04 00:00:00+00:00,18752.458333333332
2016-05-05 00:00:00+00:00,18756.583333333332
2016-05-06 00:00:00+00:00,18272.291666666668
2016-05-07 00:00:00+00:00,14189.708333333334
2016-05-08 00:00:00+00:00,11976.458333333334
2016-05-09 00:00:00+00:00,17887.833333333332
2016-05-10 00:00:00+00:00,19050.541666666668
2016-05-11 00:00:00+00:00,19608.375
2016-05-12 00:00:00+00:00,18993.083333333332
2016-05-13 00:00:00+00:00,18594.0
2016-05-14 00:00:00+00:00,14328.291666666666
2016-05-15 00:00:00+00:00,11830.416666666666
2016-05-16 00:00:00+00:00,17524.791666666668
2016-05-17 00:00:00+00:00,18248.208333333332
2016-05-18 00:00:00+00:00,18875.916666666668
2016-05-19 00:00:00+00:00,19491.666666666668
2016-05-20 00:00:00+00:00,18221.291666666668
2016-05-21 00:00:00+00:00,13914.916666666666
2016-05-22 00:00:00+00:00,11884.166666666666
2016-05-23 00:00:00+00:00,17920.916666666668
2016-05-24 00:00:00+00:00,18148.416666666668
2016-05-25 00:00:00+00:00,18459.541666666668
2016-05-26 00:00:00+00:00,18651.875
2016-05-27 00:00:00+00:00,18896.958333333332
2016-05-28 00:00:00+00:00,14886.416666666666
2016-05-29 00:00:00+00:00,12782.5
2016-05-30 00:00:00+00:00,18213.291666666668
2016-05-31 00:00:00+00:00,18925.958333333332
2016-06-01 00:00:00+00:00,18502.5
2016-06-02 00:00:00+00:00,12331.791666666666
2016-06-03 00:00:00+00:00,14978.791666666666
2016-06-04 00:00:00+00:00,13563.333333333334
2016-06-05 00:00:00+00:00,11758.375
2016-06-06 00:00:00+00:00,17967.458333333332
2016-06-07 00:00:00+00:00,19490.916666666668
2016-06-08 00:00:00+00:00,19865.5
2016-06-09 00:00:00+00:00,18660.208333333332
2016-06-10 00:00:00+00:00,18949.5
2016-06-11 00:00:00+00:00,15138.666666666666
2016-06-12 00:00:00+00:00,12531.416666666666
2016-06-13 00:00:00+00:00,18674.791666666668
2016-06-14 00:00:00+00:00,19727.458333333332
2016-06-15 00:00:00+00:00,19663.666666666668
2016-06-16 00:00:00+00:00,20044.208333333332
2016-06-17 00:00:00+00:00,19045.208333333332
2016-06-18 00:00:00+00:00,15150.291666666666
2016-06-19 00:00:00+00:00,12497.041666666666
2016-06-20 00:00:00+00:00,18496.583333333332
2016-06-21 00:00:00+00:00,20124.583333333332
2016-06-22 00:00:00+00:00,20858.625
2016-06-23 00:00:00+00:00,21735.375
2016-06-24 00:00:00+00:00,21998.041666666668
2016-06-25 00:00:00+00:00,17796.041666666668
2016-06-26 00:00:00+00:00,14859.541666666666
2016-06-27 00:00:00+00:00,20384.375
2016-06-28 00:00:00+00:00,21564.458333333332
2016-06-29 00:00:00+00:00,22052.083333333332
2016-06-30 00:00:00+00:00,22443.75
2016-07-01 00:00:00+00:00,21780.916666666668
2016-07-02 00:00:00+00:00,17188.958333333332
2016-07-03 00:00:00+00:00,14599.541666666666
2016-07-04 00:00:00+00:00,21044.666666666668
2016-07-05 00:00:00+00:00,22159.666666666668
2016-07-06 00:00:00+00:00,22303.458333333332
2016-07-07 00:00:00+00:00,22830.166666666668
2016-07-08 00:00:00+00:00,22712.5
2016-07-09 00:00:00+00:00,17960.541666666668
2016-07-10 00:00:00+00:00,15942.166666666666
2016-07-11 00:00:00+00:00,19396.583333333332
2016-07-12 00:00:00+00:00,23648.375
2016-07-13 00:00:00+00:00,22877.291666666668
2016-07-14 00:00:00+00:00,21008.125
2016-07-15 00:00:00+00:00,20301.333333333332
2016-07-16 00:00:00+00:00,15395.041666666666
2016-07-17 00:00:00+00:00,13257.125
2016-07-18 00:00:00+00:00,20799.375
2016-07-19 00:00:00+00:00,22014.916666666668
2016-07-20 00:00:00+00:00,23140.541666666668
2016-07-21 00:00:00+00:00,23356.625
2016-07-22 00:00:00+00:00,22566.375
2016-07-23 00:00:00+00:00,17209.083333333332
2016-07-24 00:00:00+00:00,14085.416666666666
2016-07-25 00:00:00+00:00,21422.416666666668
2016-07-26 00:00:00+00:00,22795.75
2016-07-27 00:00:00+00:00,22498.416666666668
2016-07-28 00:00:00+00:00,21465.25
2016-07-29 00:00:00+00:00,21352.083333333332
2016-07-30 00:00:00+00:00,17120.958333333332
2016-07-31 00:00:00+00:00,13890.208333333334
2016-08-01 00:00:00+00:00,18575.833333333332
2016-08-02 00:00:00+00:00,19146.458333333332
2016-08-03 00:00:00+00:00,19296.0
2016-08-04 00:00:00+00:00,18958.625
2016-08-05 00:00:00+00:00,16986.333333333332
2016-08-06 00:00:00+00:00,12976.166666666666
2016-08-07 00:00:00+00:00,11547.166666666666
2016-08-08 00:00:00+00:00,14208.5
2016-08-09 00:00:00+00:00,14705.0
2016-08-10 00:00:00+00:00,13978.166666666666
2016-08-11 00:00:00+00:00,13184.75
2016-08-12 00:00:00+00:00,12636.5
2016-08-13 00:00:00+00:00,11344.875
2016-08-14 00:00:00+00:00,10341.583333333334
2016-08-15 00:00:00+00:00,10574.166666666666
2016-08-16 00:00:00+00:00,12877.75
2016-08-17 00:00:00+00:00,13029.583333333334
2016-08-18 00:00:00+00:00,13158.458333333334
2016-08-19 00:00:00+00:00,13643.291666666666
2016-08-20 00:00:00+00:00,13159.041666666666
2016-08-21 00:00:00+00:00,12158.625
2016-08-22 00:00:00+00:00,15614.583333333334
2016-08-23 00:00:00+00:00,17231.291666666668
2016-08-24 00:00:00+00:00,17786.541666666668
2016-08-25 00:00:00+00:00,18405.166666666668
2016-08-26 00:00:00+00:00,18590.666666666668
2016-08-27 00:00:00+00:00,15510.541666666666
2016-08-28 00:00:00+00:00,14232.125
2016-08-29 00:00:00+00:00,20278.25
2016-08-30 00:00:00+00:00,21527.458333333332
2016-08-31 00:00:00+00:00,21673.916666666668
2016-09-01 00:00:00+00:00,21120.958333333332
2016-09-02 00:00:00+00:00,21298.416666666668
2016-09-03 00:00:00+00:00,16670.708333333332
2016-09-04 00:00:00+00:00,14485.375
2016-09-05 00:00:00+00:00,20187.5
2016-09-06 00:00:00+00:00,20673.916666666668
2016-09-07 00:00:00+00:00,20785.916666666668
2016-09-08 00:00:00+00:00,20481.291666666668
2016-09-09 00:00:00+00:00,20845.291666666668
2016-09-10 00:00:00+00:00,16221.208333333334
2016-09-11 00:00:00+00:00,13896.041666666666
2016-09-12 00:00:00+00:00,20301.208333333332
2016-09-13 00:00:00+00:00,21520.166666666668
2016-09-14 00:00:00+00:00,21745.333333333332
2016-09-15 00:00:00+00:00,21207.166666666668
2016-09-16 00:00:00+00:00,20513.625
2016-09-17 00:00:00+00:00,15285.0
2016-09-18 00:00:00+00:00,12875.0
2016-09-19 00:00:00+00:00,18957.25
2016-09-20 00:00:00+00:00,20087.833333333332
2016-09-21 00:00:00+00:00,20367.166666666668
2016-09-22 00:00:00+00:00,20061.541666666668
2016-09-23 00:00:00+00:00,19787.541666666668
2016-09-24 00:00:00+00:00,15199.458333333334
2016-09-25 00:00:00+00:00,13051.166666666666
2016-09-26 00:00:00+00:00,19195.083333333332
2016-09-27 00:00:00+00:00,20389.416666666668
2016-09-28 00:00:00+00:00,20334.125
2016-09-29 00:00:00+00:00,20178.666666666668
2016-09-30 00:00:00+00:00,19916.0
2016-10-01 00:00:00+00:00,15663.833333333334
2016-10-02 00:00:00+00:00,13302.0
2016-10-03 00:00:00+00:00,18974.458333333332
2016-10-04 00:00:00+00:00,19838.791666666668
2016-10-05 00:00:00+00:00,20152.916666666668
2016-10-06 00:00:00+00:00,19928.125
2016-10-07 00:00:00+00:00,19539.708333333332
2016-10-08 00:00:00+00:00,15226.125
2016-10-09 00:00:00+00:00,12958.458333333334
2016-10-10 00:00:00+00:00,19055.958333333332
2016-10-11 00:00:00+00:00,20305.166666666668
2016-10-12 00:00:00+00:00,19956.0
2016-10-13 00:00:00+00:00,20592.041666666668
2016-10-14 00:00:00+00:00,20405.5
2016-10-15 00:00:00+00:00,15049.208333333334
2016-10-16 00:00:00+00:00,12611.791666666666
2016-10-17 00:00:00+00:00,18593.875
2016-10-18 00:00:00+00:00,19627.916666666668
2016-10-19 00:00:00+00:00,19964.416666666668
2016-10-20 00:00:00+00:00,19960.125
2016-10-21 00:00:00+00:00,19326.333333333332
2016-10-22 00:00:00+00:00,14949.708333333334
2016-10-23 00:00:00+00:00,13208.958333333334
2016-10-24 00:00:00+00:00,19564.958333333332
2016-10-25 00:00:00+00:00,20541.375
2016-10-26 00:00:00+00:00,20485.083333333332
2016-10-27 00:00:00+00:00,19808.291666666668
2016-10-28 00:00:00+00:00,19614.916666666668
2016-10-29 00:00:00+00:00,14999.958333333334
2016-10-30 00:00:00+00:00,12192.125
2016-10-31 00:00:00+00:00,15281.291666666666
2016-11-01 00:00:00+00:00,12571.291666666666
2016-11-02 00:00:00+00:00,19219.333333333332
2016-11-03 00:00:00+00:00,20420.958333333332
2016-11-04 00:00:00+00:00,20077.5
2016-11-05 00:00:00+00:00,15899.666666666666
2016-11-06 00:00:00+00:00,13292.291666666666
2016-11-07 00:00:00+00:00,19490.541666666668
2016-11-08 00:00:00+00:00,20747.583333333332
2016-11-09 00:00:00+00:00,21179.541666666668
2016-11-10 00:00:00+00:00,21356.583333333332
2016-11-11 00:00:00+00:00,20561.208333333332
2016-11-12 00:00:00+00:00,15505.5
2016-11-13 00:00:00+00:00,13371.041666666666
2016-11-14 00:00:00+00:00,20081.666666666668
2016-11-15 00:00:00+00:00,21214.25
2016-11-16 00:00:00+00:00,21257.125
2016-11-17 00:00:00+00:00,20909.0
2016-11-18 00:00:00+00:00,20986.083333333332
2016-11-19 00:00:00+00:00,16397.416666666668
2016-11-20 00:00:00+00:00,13747.541666666666
2016-11-21 00:00:00+00:00,20359.291666666668
2016-11-22 00:00:00+00:00,21210.916666666668
2016-11-23 00:00:00+00:00,21094.416666666668
2016-11-24 00:00:00+00:00,21092.333333333332
2016-11-25 00:00:00+00:00,20740.291666666668
2016-11-26 00:00:00+00:00,16100.333333333334
2016-11-27 00:00:00+00:00,13563.375
2016-11-28 00:00:00+00:00,19834.708333333332
2016-11-29 00:00:00+00:00,21501.541666666668
2016-11-30 00:00:00+00:00,21759.625
2016-12-01 00:00:00+00:00,21329.416666666668
2016-12-02 00:00:00+00:00,21103.708333333332
2016-12-03 00:00:00+00:00,16809.791666666668
2016-12-04 00:00:00+00:00,14338.833333333334
2016-12-05 00:00:00+00:00,20378.5
2016-12-06 00:00:00+00:00,21199.958333333332
2016-12-07 00:00:00+00:00,20783.291666666668
2016-12-08 00:00:00+00:00,14730.083333333334
2016-12-09 00:00:00+00:00,17984.541666666668
2016-12-10 00:00:00+00:00,16152.125
2016-12-11 00:00:00+00:00,14679.875
2016-12-12 00:00:00+00:00,20929.666666666668
2016-12-13 00:00:00+00:00,22652.208333333332
2016-12-14 00:00:00+00:00,22527.541666666668
2016-12-15 00:00:00+00:00,22498.541666666668
2016-12-16 00:00:00+00:00,22061.333333333332
2016-12-17 00:00:00+00:00,17240.875
2016-12-18 00:00:00+00:00,15137.083333333334
2016-12-19 00:00:00+00:00,21321.333333333332
2016-12-20 00:00:00+00:00,21640.916666666668
2016-12-21 00:00:00+00:00,20437.166666666668
2016-12-22 00:00:00+00:00,20462.125
2016-12-23 00:00:00+00:00,18453.583333333332
2016-12-24 00:00:00+00:00,13216.333333333334
2016-12-25 00:00:00+00:00,10990.666666666666
2016-12-26 00:00:00+00:00,11316.541666666666
2016-12-27 00:00:00+00:00,15101.125
2016-12-28 00:00:00+00:00,15502.125
2016-12-29 00:00:00+00:00,15569.75
2016-12-30 00:00:00+00:00,15096.875
2016-12-31 00:00:00+00:00,12980.041666666666
2017-01-01 00:00:00+00:00,11255.25
2017-01-02 00:00:00+00:00,15519.041666666666
2017-01-03 00:00:00+00:00,16764.541666666668
2017-01-04 00:00:00+00:00,16948.958333333332
2017-01-05 00:00:00+00:00,16535.166666666668
2017-01-06 00:00:00+00:00,13853.833333333334
2017-01-07 00:00:00+00:00,14537.291666666666
2017-01-08 00:00:00+00:00,13732.75
2017-01-09 00:00:00+00:00,20541.666666666668
2017-01-10 00:00:00+00:00,22503.541666666668
2017-01-11 00:00:00+00:00,22916.083333333332
2017-01-12 00:00:00+00:00,22681.458333333332
2017-01-13 00:00:00+00:00,22396.25
2017-01-14 00:00:00+00:00,16976.208333333332
2017-01-15 00:00:00+00:00,14659.166666666666
2017-01-16 00:00:00+00:00,21431.208333333332
2017-01-17 00:00:00+00:00,22631.666666666668
2017-01-18 00:00:00+00:00,22811.083333333332
2017-01-19 00:00:00+00:00,22331.625
2017-01-20 00:00:00+00:00,22201.458333333332
2017-01-21 00:00:00+00:00,17265.625
2017-01-22 00:00:00+00:00,14625.458333333334
2017-01-23 00:00:00+00:00,21113.791666666668
2017-01-24 00:00:00+00:00,22039.083333333332
2017-01-25 00:00:00+00:00,22142.083333333332
2017-01-26 00:00:00+00:00,22315.458333333332
2017-01-27 00:00:00+00:00,22222.541666666668
2017-01-28 00:00:00+00:00,17127.416666666668
2017-01-29 00:00:00+00:00,14703.666666666666
2017-01-30 00:00:00+00:00,21084.166666666668
2017-01-31 00:00:00+00:00,22453.916666666668
2017-02-01 00:00:00+00:00,22378.125
2017-02-02 00:00:00+00:00,22380.833333333332
2017-02-03 00:00:00+00:00,21867.0
2017-02-04 00:00:00+00:00,16957.125
2017-02-05 00:00:00+00:00,14636.125
2017-02-06 00:00:00+00:00,20660.041666666668
2017-02-07 00:00:00+00:00,21317.125
2017-02-08 00:00:00+00:00,21969.791666666668
2017-02-09 00:00:00+00:00,21973.0
2017-02-10 00:00:00+00:00,21850.291666666668
2017-02-11 00:00:00+00:00,17068.5
2017-02-12 00:00:00+00:00,14274.833333333334
2017-02-13 00:00:00+00:00,20597.25
2017-02-14 00:00:00+00:00,20854.25
2017-02-15 00:00:00+00:00,20788.5
2017-02-16 00:00:00+00:00,20646.166666666668
2017-02-17 00:00:00+00:00,20716.041666666668
2017-02-18 00:00:00+00:00,16331.375
2017-02-19 00:00:00+00:00,14180.583333333334
2017-02-20 00:00:00+00:00,19948.625
2017-02-21 00:00:00+00:00,21280.791666666668
2017-02-22 00:00:00+00:00,21220.958333333332
2017-02-23 00:00:00+00:00,20959.333333333332
2017-02-24 00:00:00+00:00,20782.083333333332
2017-02-25 00:00:00+00:00,16101.416666666666
2017-02-26 00:00:00+00:00,14006.416666666666
2017-02-27 00:00:00+00:00,19559.75
2017-02-28 00:00:00+00:00,21180.0
2017-03-01 00:00:00+00:00,20304.291666666668
2017-03-02 00:00:00+00:00,20175.583333333332
2017-03-03 00:00:00+00:00,20675.75
2017-03-04 00:00:00+00:00,16135.083333333334
2017-03-05 00:00:00+00:00,13341.5
2017-03-06 00:00:00+00:00,19352.791666666668
2017-03-07 00:00:00+00:00,20038.583333333332
2017-03-08 00:00:00+00:00,20096.958333333332
2017-03-09 00:00:00+00:00,19714.041666666668
2017-03-10 00:00:00+00:00,19238.958333333332
2017-03-11 00:00:00+00:00,15387.833333333334
2017-03-12 00:00:00+00:00,13356.333333333334
2017-03-13 00:00:00+00:00,19291.875
2017-03-14 00:00:00+00:00,20411.333333333332
2017-03-15 00:00:00+00:00,20136.25
2017-03-16 00:00:00+00:00,19862.708333333332
2017-03-17 00:00:00+00:00,20320.166666666668
2017-03-18 00:00:00+00:00,15375.416666666666
2017-03-19 00:00:00+00:00,13185.5
2017-03-20 00:00:00+00:00,18700.208333333332
2017-03-21 00:00:00+00:00,20328.916666666668
2017-03-22 00:00:00+00:00,20896.708333333332
2017-03-23 00:00:00+00:00,20419.5
2017-03-24 00:00:00+00:00,20019.833333333332
2017-03-25 00:00:00+00:00,15049.625
2017-03-26 00:00:00+00:00,13053.333333333334
2017-03-27 00:00:00+00:00,18522.958333333332
2017-03-28 00:00:00+00:00,19233.416666666668
2017-03-29 00:00:00+00:00,19917.25
2017-03-30 00:00:00+00:00,19538.958333333332
2017-03-31 00:00:00+00:00,19234.208333333332
2017-04-01 00:00:00+00:00,15204.875
2017-04-02 00:00:00+00:00,12848.291666666666
2017-04-03 00:00:00+00:00,18070.625
2017-04-04 00:00:00+00:00,19745.25
2017-04-05 00:00:00+00:00,19896.625
2017-04-06 00:00:00+00:00,19556.541666666668
2017-04-07 00:00:00+00:00,19341.875
2017-04-08 00:00:00+00:00,15035.0
2017-04-09 00:00:00+00:00,12515.041666666666
2017-04-10 00:00:00+00:00,18260.083333333332
2017-04-11 00:00:00+00:00,19321.75
2017-04-12 00:00:00+00:00,19446.083333333332
2017-04-13 00:00:00+00:00,19087.208333333332
2017-04-14 00:00:00+00:00,18105.666666666668
2017-04-15 00:00:00+00:00,13244.541666666666
2017-04-16 00:00:00+00:00,10073.208333333334
2017-04-17 00:00:00+00:00,10394.625
2017-04-18 00:00:00+00:00,17647.625
2017-04-19 00:00:00+00:00,18942.5
2017-04-20 00:00:00+00:00,19114.0
2017-04-21 00:00:00+00:00,18949.708333333332
2017-04-22 00:00:00+00:00,14703.083333333334
2017-04-23 00:00:00+00:00,12253.208333333334
2017-04-24 00:00:00+00:00,15019.833333333334
2017-04-25 00:00:00+00:00,12682.916666666666
2017-04-26 00:00:00+00:00,18842.5
2017-04-27 00:00:00+00:00,19518.208333333332
2017-04-28 00:00:00+00:00,18668.666666666668
2017-04-29 00:00:00+00:00,14236.916666666666
2017-04-30 00:00:00+00:00,11858.791666666666
2017-05-01 00:00:00+00:00,11200.875
2017-05-02 00:00:00+00:00,17991.75
2017-05-03 00:00:00+00:00,19377.041666666668
2017-05-04 00:00:00+00:00,19574.25
2017-05-05 00:00:00+00:00,18732.125
2017-05-06 00:00:00+00:00,14965.5
2017-05-07 00:00:00+00:00,11943.083333333334
2017-05-08 00:00:00+00:00,17921.166666666668
2017-05-09 00:00:00+00:00,18686.208333333332
2017-05-10 00:00:00+00:00,19211.833333333332
2017-05-11 00:00:00+00:00,19307.75
2017-05-12 00:00:00+00:00,19004.125
2017-05-13 00:00:00+00:00,14321.458333333334
2017-05-14 00:00:00+00:00,12066.083333333334
2017-05-15 00:00:00+00:00,17880.166666666668
2017-05-16 00:00:00+00:00,18915.291666666668
2017-05-17 00:00:00+00:00,19345.791666666668
2017-05-18 00:00:00+00:00,19632.458333333332
2017-05-19 00:00:00+00:00,19589.291666666668
2017-05-20 00:00:00+00:00,14519.541666666666
2017-05-21 00:00:00+00:00,12008.375
2017-05-22 00:00:00+00:00,17927.625
2017-05-23 00:00:00+00:00,19446.375
2017-05-24 00:00:00+00:00,19903.458333333332
2017-05-25 00:00:00+00:00,19749.958333333332
2017-05-26 00:00:00+00:00,19408.5
2017-05-27 00:00:00+00:00,15367.666666666666
2017-05-28 00:00:00+00:00,13071.833333333334
2017-05-29 00:00:00+00:00,19247.875
2017-05-30 00:00:00+00:00,20924.875
2017-05-31 00:00:00+00:00,20964.708333333332
2017-06-01 00:00:00+00:00,20059.0
2017-06-02 00:00:00+00:00,14195.416666666666
2017-06-03 00:00:00+00:00,14862.958333333334
2017-06-04 00:00:00+00:00,13396.708333333334
2017-06-05 00:00:00+00:00,19794.25
2017-06-06 00:00:00+00:00,20861.625
2017-06-07 00:00:00+00:00,20361.541666666668
2017-06-08 00:00:00+00:00,20029.708333333332
2017-06-09 00:00:00+00:00,20196.041666666668
2017-06-10 00:00:00+00:00,16084.75
2017-06-11 00:00:00+00:00,13683.166666666666
2017-06-12 00:00:00+00:00,20755.666666666668
2017-06-13 00:00:00+00:00,22347.708333333332
2017-06-14 00:00:00+00:00,22762.875
2017-06-15 00:00:00+00:00,22221.5
2017-06-16 00:00:00+00:00,22613.916666666668
2017-06-17 00:00:00+00:00,17538.458333333332
2017-06-18 00:00:00+00:00,14035.916666666666
2017-06-19 00:00:00+00:00,20530.333333333332
2017-06-20 00:00:00+00:00,22307.083333333332
2017-06-21 00:00:00+00:00,23065.458333333332
2017-06-22 00:00:00+00:00,23514.208333333332
2017-06-23 00:00:00+00:00,23917.583333333332
2017-06-24 00:00:00+00:00,19234.125
2017-06-25 00:00:00+00:00,15720.708333333334
2017-06-26 00:00:00+00:00,22009.125
2017-06-27 00:00:00+00:00,22659.541666666668
2017-06-28 00:00:00+00:00,22085.541666666668
2017-06-29 00:00:00+00:00,20566.875
2017-06-30 00:00:00+00:00,20073.0
2017-07-01 00:00:00+00:00,15514.125
2017-07-02 00:00:00+00:00,13426.583333333334
2017-07-03 00:00:00+00:00,20013.208333333332
2017-07-04 00:00:00+00:00,21261.041666666668
2017-07-05 00:00:00+00:00,22083.208333333332
2017-07-06 00:00:00+00:00,22552.375
2017-07-07 00:00:00+00:00,22821.083333333332
2017-07-08 00:00:00+00:00,18606.125
2017-07-09 00:00:00+00:00,16040.208333333334
2017-07-10 00:00:00+00:00,21991.791666666668
2017-07-11 00:00:00+00:00,22796.875
2017-07-12 00:00:00+00:00,22971.708333333332
2017-07-13 00:00:00+00:00,23379.541666666668
2017-07-14 00:00:00+00:00,22102.458333333332
2017-07-15 00:00:00+00:00,17178.0
2017-07-16 00:00:00+00:00,14182.666666666666
2017-07-17 00:00:00+00:00,20601.916666666668
2017-07-18 00:00:00+00:00,22272.5
2017-07-19 00:00:00+00:00,22954.416666666668
2017-07-20 00:00:00+00:00,22909.5
2017-07-21 00:00:00+00:00,22957.041666666668
2017-07-22 00:00:00+00:00,18079.791666666668
2017-07-23 00:00:00+00:00,15921.541666666666
2017-07-24 00:00:00+00:00,21446.083333333332
2017-07-25 00:00:00+00:00,21448.041666666668
2017-07-26 00:00:00+00:00,21483.541666666668
2017-07-27 00:00:00+00:00,21210.375
2017-07-28 00:00:00+00:00,21167.625
2017-07-29 00:00:00+00:00,17488.791666666668
2017-07-30 00:00:00+00:00,14732.958333333334
2017-07-31 00:00:00+00:00,20800.625
2017-08-01 00:00:00+00:00,22851.375
2017-08-02 00:00:00+00:00,23512.041666666668
2017-08-03 00:00:00+00:00,23560.291666666668
2017-08-04 00:00:00+00:00,22668.916666666668
2017-08-05 00:00:00+00:00,18664.208333333332
2017-08-06 00:00:00+00:00,15525.75
2017-08-07 00:00:00+00:00,16873.958333333332
2017-08-08 00:00:00+00:00,16847.083333333332
2017-08-09 00:00:00+00:00,17220.25
2017-08-10 00:00:00+00:00,16219.458333333334
2017-08-11 00:00:00+00:00,14458.708333333334
2017-08-12 00:00:00+00:00,12369.041666666666
2017-08-13 00:00:00+00:00,11056.958333333334
2017-08-14 00:00:00+00:00,12833.958333333334
2017-08-15 00:00:00+00:00,11396.083333333334
2017-08-16 00:00:00+00:00,13760.875
2017-08-17 00:00:00+00:00,14268.708333333334
2017-08-18 00:00:00+00:00,14871.333333333334
2017-08-19 00:00:00+00:00,13556.25
2017-08-20 00:00:00+00:00,11842.291666666666
2017-08-21 00:00:00+00:00,15171.625
2017-08-22 00:00:00+00:00,16084.958333333334
2017-08-23 00:00:00+00:00,16724.333333333332
2017-08-24 00:00:00+00:00,17421.541666666668
2017-08-25 00:00:00+00:00,18209.25
2017-08-26 00:00:00+00:00,15907.041666666666
2017-08-27 00:00:00+00:00,14989.666666666666
2017-08-28 00:00:00+00:00,21020.0
2017-08-29 00:00:00+00:00,21316.625
2017-08-30 00:00:00+00:00,21696.25
2017-08-31 00:00:00+00:00,21952.375
2017-09-01 00:00:00+00:00,21224.5
2017-09-02 00:00:00+00:00,15797.458333333334
2017-09-03 00:00:00+00:00,12960.291666666666
2017-09-04 00:00:00+00:00,19094.541666666668
2017-09-05 00:00:00+00:00,20596.958333333332
2017-09-06 00:00:00+00:00,21034.791666666668
2017-09-07 00:00:00+00:00,21088.291666666668
2017-09-08 00:00:00+00:00,20075.916666666668
2017-09-09 00:00:00+00:00,15937.291666666666
2017-09-10 00:00:00+00:00,13417.5
2017-09-11 00:00:00+00:00,19287.375
2017-09-12 00:00:00+00:00,20466.666666666668
2017-09-13 00:00:00+00:00,20370.875
2017-09-14 00:00:00+00:00,20985.083333333332
2017-09-15 00:00:00+00:00,20273.416666666668
2017-09-16 00:00:00+00:00,15628.458333333334
2017-09-17 00:00:00+00:00,13133.833333333334
2017-09-18 00:00:00+00:00,19195.625
2017-09-19 00:00:00+00:00,20434.833333333332
2017-09-20 00:00:00+00:00,20254.541666666668
2017-09-21 00:00:00+00:00,20050.166666666668
2017-09-22 00:00:00+00:00,19847.666666666668
2017-09-23 00:00:00+00:00,15496.708333333334
2017-09-24 00:00:00+00:00,13288.208333333334
2017-09-25 00:00:00+00:00,19332.791666666668
2017-09-26 00:00:00+00:00,20298.583333333332
2017-09-27 00:00:00+00:00,20299.875
2017-09-28 00:00:00+00:00,20253.333333333332
2017-09-29 00:00:00+00:00,20136.958333333332
2017-09-30 00:00:00+00:00,15416.583333333334
2017-10-01 00:00:00+00:00,13219.958333333334
2017-10-02 00:00:00+00:00,19196.166666666668
2017-10-03 00:00:00+00:00,20517.166666666668
2017-10-04 00:00:00+00:00,20452.208333333332
2017-10-05 00:00:00+00:00,20523.958333333332
2017-10-06 00:00:00+00:00,20111.583333333332
2017-10-07 00:00:00+00:00,15468.375
2017-10-08 00:00:00+00:00,12966.916666666666
2017-10-09 00:00:00+00:00,19349.208333333332
2017-10-10 00:00:00+00:00,20537.958333333332
2017-10-11 00:00:00+00:00,20562.208333333332
2017-10-12 00:00:00+00:00,20635.125
2017-10-13 00:00:00+00:00,20328.291666666668
2017-10-14 00:00:00+00:00,15500.25
2017-10-15 00:00:00+00:00,13094.875
2017-10-16 00:00:00+00:00,19559.166666666668
2017-10-17 00:00:00+00:00,20768.583333333332
2017-10-18 00:00:00+00:00,20535.791666666668
2017-10-19 00:00:00+00:00,20641.666666666668
2017-10-20 00:00:00+00:00,20589.833333333332
2017-10-21 00:00:00+00:00,16188.166666666666
2017-10-22 00:00:00+00:00,13893.333333333334
2017-10-23 00:00:00+00:00,19591.875
2017-10-24 00:00:00+00:00,20663.25
2017-10-25 00:00:00+00:00,20640.5
2017-10-26 00:00:00+00:00,20510.083333333332
2017-10-27 00:00:00+00:00,20445.75
2017-10-28 00:00:00+00:00,16043.5
2017-10-29 00:00:00+00:00,13425.125
2017-10-30 00:00:00+00:00,19408.375
2017-10-31 00:00:00+00:00,19780.708333333332
2017-11-01 00:00:00+00:00,14058.666666666666
2017-11-02 00:00:00+00:00,19881.041666666668
2017-11-03 00:00:00+00:00,20175.958333333332
2017-11-04 00:00:00+00:00,16211.708333333334
2017-11-05 00:00:00+00:00,13832.041666666666
2017-11-06 00:00:00+00:00,20062.625
2017-11-07 00:00:00+00:00,21459.333333333332
2017-11-08 00:00:00+00:00,21481.791666666668
2017-11-09 00:00:00+00:00,21617.0
2017-11-10 00:00:00+00:00,21060.458333333332
2017-11-11 00:00:00+00:00,16726.291666666668
2017-11-12 00:00:00+00:00,14123.5
2017-11-13 00:00:00+00:00,20995.291666666668
2017-11-14 00:00:00+00:00,21703.416666666668
2017-11-15 00:00:00+00:00,21558.5
2017-11-16 00:00:00+00:00,21333.0
2017-11-17 00:00:00+00:00,21086.25
2017-11-18 00:00:00+00:00,16756.083333333332
2017-11-19 00:00:00+00:00,14270.041666666666
2017-11-20 00:00:00+00:00,20686.041666666668
2017-11-21 00:00:00+00:00,21589.666666666668
2017-11-22 00:00:00+00:00,21612.333333333332
2017-11-23 00:00:00+00:00,21384.0
2017-11-24 00:00:00+00:00,21261.291666666668
2017-11-25 00:00:00+00:00,16927.75
2017-11-26 00:00:00+00:00,14263.5
2017-11-27 00:00:00+00:00,20984.083333333332
2017-11-28 00:00:00+00:00,22769.958333333332
2017-11-29 00:00:00+00:00,22940.041666666668
2017-11-30 00:00:00+00:00,22131.541666666668
2017-12-01 00:00:00+00:00,22290.583333333332
2017-12-02 00:00:00+00:00,17747.083333333332
2017-12-03 00:00:00+00:00,15282.875
2017-12-04 00:00:00+00:00,21832.208333333332
2017-12-05 00:00:00+00:00,22968.0
2017-12-06 00:00:00+00:00,22807.041666666668
2017-12-07 00:00:00+00:00,22194.375
2017-12-08 00:00:00+00:00,16219.125
2017-12-09 00:00:00+00:00,16237.208333333334
2017-12-10 00:00:00+00:00,15586.541666666666
2017-12-11 00:00:00+00:00,22312.625
2017-12-12 00:00:00+00:00,22832.0
2017-12-13 00:00:00+00:00,22776.75
2017-12-14 00:00:00+00:00,22655.458333333332
2017-12-15 00:00:00+00:00,22181.708333333332
2017-12-16 00:00:00+00:00,17769.583333333332
2017-12-17 00:00:00+00:00,15197.5
2017-12-18 00:00:00+00:00,21626.75
2017-12-19 00:00:00+00:00,22572.166666666668
2017-12-20 00:00:00+00:00,22097.583333333332
2017-12-21 00:00:00+00:00,21408.875
2017-12-22 00:00:00+00:00,19736.833333333332
2017-12-23 00:00:00+00:00,15129.291666666666
2017-12-24 00:00:00+00:00,12462.166666666666
2017-12-25 00:00:00+00:00,11229.083333333334
2017-12-26 00:00:00+00:00,11906.875
2017-12-27 00:00:00+00:00,15656.958333333334
2017-12-28 00:00:00+00:00,15924.291666666666
2017-12-29 00:00:00+00:00,15576.833333333334
2017-12-30 00:00:00+00:00,13754.083333333334
2017-12-31 00:00:00+00:00,12467.208333333334
2018-01-01 00:00:00+00:00,11912.916666666666
2018-01-02 00:00:00+00:00,16033.166666666666
2018-01-03 00:00:00+00:00,17349.25
2018-01-04 00:00:00+00:00,17364.375
2018-01-05 00:00:00+00:00,17639.208333333332
2018-01-06 00:00:00+00:00,13994.375
2018-01-07 00:00:00+00:00,13256.958333333334
2018-01-08 00:00:00+00:00,19761.125
2018-01-09 00:00:00+00:00,20421.625
2018-01-10 00:00:00+00:00,20637.541666666668
2018-01-11 00:00:00+00:00,20914.375
2018-01-12 00:00:00+00:00,21327.708333333332
2018-01-13 00:00:00+00:00,17106.833333333332
2018-01-14 00:00:00+00:00,15122.041666666666
2018-01-15 00:00:00+00:00,21160.791666666668
2018-01-16 00:00:00+00:00,22311.041666666668
2018-01-17 00:00:00+00:00,22407.5
2018-01-18 00:00:00+00:00,22123.25
2018-01-19 00:00:00+00:00,21953.583333333332
2018-01-20 00:00:00+00:00,17661.125
2018-01-21 00:00:00+00:00,14865.125
2018-01-22 00:00:00+00:00,21281.166666666668
2018-01-23 00:00:00+00:00,22095.291666666668
2018-01-24 00:00:00+00:00,22285.875
2018-01-25 00:00:00+00:00,22654.125
2018-01-26 00:00:00+00:00,22425.625
2018-01-27 00:00:00+00:00,17549.791666666668
2018-01-28 00:00:00+00:00,14850.541666666666
2018-01-29 00:00:00+00:00,21066.25
2018-01-30 00:00:00+00:00,22527.916666666668
2018-01-31 00:00:00+00:00,22601.541666666668
2018-02-01 00:00:00+00:00,22651.666666666668
2018-02-02 00:00:00+00:00,22202.25
2018-02-03 00:00:00+00:00,17440.666666666668
2018-02-04 00:00:00+00:00,14892.541666666666
2018-02-05 00:00:00+00:00,21335.666666666668
2018-02-06 00:00:00+00:00,22402.875
2018-02-07 00:00:00+00:00,22550.25
2018-02-08 00:00:00+00:00,22394.041666666668
2018-02-09 00:00:00+00:00,21858.875
2018-02-10 00:00:00+00:00,17292.25
2018-02-11 00:00:00+00:00,14828.666666666666
2018-02-12 00:00:00+00:00,21358.208333333332
2018-02-13 00:00:00+00:00,22019.125
2018-02-14 00:00:00+00:00,22329.0
2018-02-15 00:00:00+00:00,22504.333333333332
2018-02-16 00:00:00+00:00,22377.833333333332
2018-02-17 00:00:00+00:00,17660.541666666668
2018-02-18 00:00:00+00:00,15135.625
2018-02-19 00:00:00+00:00,21509.333333333332
2018-02-20 00:00:00+00:00,22274.833333333332
2018-02-21 00:00:00+00:00,22238.083333333332
2018-02-22 00:00:00+00:00,22549.291666666668
2018-02-23 00:00:00+00:00,22645.833333333332
2018-02-24 00:00:00+00:00,17208.916666666668
2018-02-25 00:00:00+00:00,15188.25
2018-02-26 00:00:00+00:00,21700.791666666668
2018-02-27 00:00:00+00:00,22892.041666666668
2018-02-28 00:00:00+00:00,23211.041666666668
2018-03-01 00:00:00+00:00,23837.375
2018-03-02 00:00:00+00:00,23233.333333333332
2018-03-03 00:00:00+00:00,18267.958333333332
2018-03-04 00:00:00+00:00,15351.541666666666
2018-03-05 00:00:00+00:00,21544.25
2018-03-06 00:00:00+00:00,22505.833333333332
2018-03-07 00:00:00+00:00,22235.708333333332
2018-03-08 00:00:00+00:00,21317.125
2018-03-09 00:00:00+00:00,20801.583333333332
2018-03-10 00:00:00+00:00,16649.5
2018-03-11 00:00:00+00:00,14520.416666666666
2018-03-12 00:00:00+00:00,20019.416666666668
2018-03-13 00:00:00+00:00,20595.416666666668
2018-03-14 00:00:00+00:00,20876.875
2018-03-15 00:00:00+00:00,21630.291666666668
2018-03-16 00:00:00+00:00,20413.666666666668
2018-03-17 00:00:00+00:00,16651.083333333332
2018-03-18 00:00:00+00:00,14329.625
2018-03-19 00:00:00+00:00,20898.0
2018-03-20 00:00:00+00:00,21721.708333333332
2018-03-21 00:00:00+00:00,21307.458333333332
2018-03-22 00:00:00+00:00,20865.708333333332
2018-03-23 00:00:00+00:00,20277.041666666668
2018-03-24 00:00:00+00:00,16184.541666666666
2018-03-25 00:00:00+00:00,13456.458333333334
2018-03-26 00:00:00+00:00,19813.208333333332
2018-03-27 00:00:00+00:00,20183.583333333332
2018-03-28 00:00:00+00:00,20183.875
2018-03-29 00:00:00+00:00,20625.791666666668
2018-03-30 00:00:00+00:00,18951.541666666668
2018-03-31 00:00:00+00:00,14015.125
2018-04-01 00:00:00+00:00,10419.833333333334
2018-04-02 00:00:00+00:00,10803.083333333334
2018-04-03 00:00:00+00:00,19190.291666666668
2018-04-04 00:00:00+00:00,21310.166666666668
2018-04-05 00:00:00+00:00,20260.25
2018-04-06 00:00:00+00:00,19334.041666666668
2018-04-07 00:00:00+00:00,14890.083333333334
2018-04-08 00:00:00+00:00,12528.833333333334
2018-04-09 00:00:00+00:00,19444.416666666668
2018-04-10 00:00:00+00:00,20285.083333333332
2018-04-11 00:00:00+00:00,20574.25
2018-04-12 00:00:00+00:00,20813.375
2018-04-13 00:00:00+00:00,19532.333333333332
2018-04-14 00:00:00+00:00,15208.791666666666
2018-04-15 00:00:00+00:00,13283.375
2018-04-16 00:00:00+00:00,18763.833333333332
2018-04-17 00:00:00+00:00,19625.708333333332
2018-04-18 00:00:00+00:00,19661.791666666668
2018-04-19 00:00:00+00:00,19763.416666666668
2018-04-20 00:00:00+00:00,19661.375
2018-04-21 00:00:00+00:00,15520.083333333334
2018-04-22 00:00:00+00:00,13154.0
2018-04-23 00:00:00+00:00,19012.333333333332
2018-04-24 00:00:00+00:00,19645.875
2018-04-25 00:00:00+00:00,14148.208333333334
2018-04-26 00:00:00+00:00,19267.791666666668
2018-04-27 00:00:00+00:00,19393.541666666668
2018-04-28 00:00:00+00:00,15011.375
2018-04-29 00:00:00+00:00,12943.541666666666
2018-04-30 00:00:00+00:00,14537.75
2018-05-01 00:00:00+00:00,11686.875
2018-05-02 00:00:00+00:00,19374.333333333332
2018-05-03 00:00:00+00:00,20459.333333333332
2018-05-04 00:00:00+00:00,20583.458333333332
2018-05-05 00:00:00+00:00,16070.708333333334
2018-05-06 00:00:00+00:00,13270.625
2018-05-07 00:00:00+00:00,19372.041666666668
2018-05-08 00:00:00+00:00,20447.166666666668
2018-05-09 00:00:00+00:00,20492.208333333332
2018-05-10 00:00:00+00:00,20566.125
2018-05-11 00:00:00+00:00,20240.25
2018-05-12 00:00:00+00:00,15903.0
2018-05-13 00:00:00+00:00,13328.416666666666
2018-05-14 00:00:00+00:00,19133.916666666668
2018-05-15 00:00:00+00:00,19946.25
2018-05-16 00:00:00+00:00,19689.791666666668
2018-05-17 00:00:00+00:00,20049.958333333332
2018-05-18 00:00:00+00:00,19508.166666666668
2018-05-19 00:00:00+00:00,15188.333333333334
2018-05-20 00:00:00+00:00,12825.708333333334
2018-05-21 00:00:00+00:00,19042.875
2018-05-22 00:00:00+00:00,20640.25
2018-05-23 00:00:00+00:00,20545.166666666668
2018-05-24 00:00:00+00:00,20355.166666666668
2018-05-25 00:00:00+00:00,20229.833333333332
2018-05-26 00:00:00+00:00,15917.541666666666
2018-05-27 00:00:00+00:00,13677.458333333334
2018-05-28 00:00:00+00:00,20038.458333333332
2018-05-29 00:00:00+00:00,21174.208333333332
2018-05-30 00:00:00+00:00,21616.083333333332
2018-05-31 00:00:00+00:00,21229.291666666668
2018-06-01 00:00:00+00:00,20165.166666666668
2018-06-02 00:00:00+00:00,14352.625
2018-06-03 00:00:00+00:00,13612.708333333334
2018-06-04 00:00:00+00:00,20339.875
2018-06-05 00:00:00+00:00,20871.208333333332
2018-06-06 00:00:00+00:00,21189.833333333332
2018-06-07 00:00:00+00:00,21328.791666666668
2018-06-08 00:00:00+00:00,20676.666666666668
2018-06-09 00:00:00+00:00,16251.083333333334
2018-06-10 00:00:00+00:00,14103.208333333334
2018-06-11 00:00:00+00:00,21102.375
2018-06-12 00:00:00+00:00,22021.708333333332
2018-06-13 00:00:00+00:00,21515.541666666668
2018-06-14 00:00:00+00:00,21265.416666666668
2018-06-15 00:00:00+00:00,20871.958333333332
2018-06-16 00:00:00+00:00,16673.458333333332
2018-06-17 00:00:00+00:00,14462.041666666666
2018-06-18 00:00:00+00:00,20993.625
2018-06-19 00:00:00+00:00,22437.5
2018-06-20 00:00:00+00:00,23153.5
2018-06-21 00:00:00+00:00,23449.916666666668
2018-06-22 00:00:00+00:00,22521.083333333332
2018-06-23 00:00:00+00:00,16838.458333333332
2018-06-24 00:00:00+00:00,14241.333333333334
2018-06-25 00:00:00+00:00,20330.125
2018-06-26 00:00:00+00:00,21363.083333333332
2018-06-27 00:00:00+00:00,21622.541666666668
2018-06-28 00:00:00+00:00,21374.625
2018-06-29 00:00:00+00:00,21372.75
2018-06-30 00:00:00+00:00,17939.375
2018-07-01 00:00:00+00:00,15030.791666666666
2018-07-02 00:00:00+00:00,21994.0
2018-07-03 00:00:00+00:00,23438.125
2018-07-04 00:00:00+00:00,23321.375
2018-07-05 00:00:00+00:00,23221.875
2018-07-06 00:00:00+00:00,22736.916666666668
2018-07-07 00:00:00+00:00,17926.041666666668
2018-07-08 00:00:00+00:00,15567.666666666666
2018-07-09 00:00:00+00:00,22299.208333333332
2018-07-10 00:00:00+00:00,23388.666666666668
2018-07-11 00:00:00+00:00,22362.5
2018-07-12 00:00:00+00:00,22601.125
2018-07-13 00:00:00+00:00,22580.958333333332
2018-07-14 00:00:00+00:00,18126.458333333332
2018-07-15 00:00:00+00:00,15323.458333333334
2018-07-16 00:00:00+00:00,21381.458333333332
2018-07-17 00:00:00+00:00,22327.791666666668
2018-07-18 00:00:00+00:00,23084.791666666668
2018-07-19 00:00:00+00:00,23442.625
2018-07-20 00:00:00+00:00,23697.75
2018-07-21 00:00:00+00:00,17566.25
2018-07-22 00:00:00+00:00,15306.333333333334
2018-07-23 00:00:00+00:00,21746.083333333332
2018-07-24 00:00:00+00:00,22971.416666666668
2018-07-25 00:00:00+00:00,23501.166666666668
2018-07-26 00:00:00+00:00,23555.625
2018-07-27 00:00:00+00:00,23087.875
2018-07-28 00:00:00+00:00,18819.583333333332
2018-07-29 00:00:00+00:00,16336.333333333334
2018-07-30 00:00:00+00:00,23408.041666666668
2018-07-31 00:00:00+00:00,24478.25
2018-08-01 00:00:00+00:00,25230.625
2018-08-02 00:00:00+00:00,24035.625
2018-08-03 00:00:00+00:00,23144.291666666668
2018-08-04 00:00:00+00:00,18343.791666666668
2018-08-05 00:00:00+00:00,16094.416666666666
2018-08-06 00:00:00+00:00,20064.791666666668
2018-08-07 00:00:00+00:00,19816.333333333332
2018-08-08 00:00:00+00:00,19353.833333333332
2018-08-09 00:00:00+00:00,18376.583333333332
2018-08-10 00:00:00+00:00,17196.625
2018-08-11 00:00:00+00:00,14777.333333333334
2018-08-12 00:00:00+00:00,12865.333333333334
2018-08-13 00:00:00+00:00,14470.875
2018-08-14 00:00:00+00:00,13451.833333333334
2018-08-15 00:00:00+00:00,11562.75
2018-08-16 00:00:00+00:00,13519.833333333334
2018-08-17 00:00:00+00:00,14098.125
2018-08-18 00:00:00+00:00,13595.708333333334
2018-08-19 00:00:00+00:00,13062.0
2018-08-20 00:00:00+00:00,16943.375
2018-08-21 00:00:00+00:00,17966.666666666668
2018-08-22 00:00:00+00:00,18487.291666666668
2018-08-23 00:00:00+00:00,18786.333333333332
2018-08-24 00:00:00+00:00,18576.208333333332
2018-08-25 00:00:00+00:00,15452.166666666666
2018-08-26 00:00:00+00:00,13114.625
2018-08-27 00:00:00+00:00,18482.791666666668
2018-08-28 00:00:00+00:00,20010.375
2018-08-29 00:00:00+00:00,20986.666666666668
2018-08-30 00:00:00+00:00,21731.0
2018-08-31 00:00:00+00:00,20758.875
2018-09-01 00:00:00+00:00,15698.625
2018-09-02 00:00:00+00:00,13596.791666666666
2018-09-03 00:00:00+00:00,19669.333333333332
2018-09-04 00:00:00+00:00,21005.5
2018-09-05 00:00:00+00:00,21735.291666666668
2018-09-06 00:00:00+00:00,21964.375
2018-09-07 00:00:00+00:00,21545.333333333332
2018-09-08 00:00:00+00:00,16475.041666666668
2018-09-09 00:00:00+00:00,14305.916666666666
2018-09-10 00:00:00+00:00,20671.541666666668
2018-09-11 00:00:00+00:00,22043.166666666668
2018-09-12 00:00:00+00:00,22514.0
2018-09-13 00:00:00+00:00,22420.208333333332
2018-09-14 00:00:00+00:00,22040.458333333332
2018-09-15 00:00:00+00:00,17212.041666666668
2018-09-16 00:00:00+00:00,14551.625
2018-09-17 00:00:00+00:00,21091.291666666668
2018-09-18 00:00:00+00:00,22128.458333333332
2018-09-19 00:00:00+00:00,22022.75
2018-09-20 00:00:00+00:00,22093.791666666668
2018-09-21 00:00:00+00:00,21899.041666666668
2018-09-22 00:00:00+00:00,17300.583333333332
2018-09-23 00:00:00+00:00,14845.458333333334
2018-09-24 00:00:00+00:00,20827.875
2018-09-25 00:00:00+00:00,21253.125
2018-09-26 00:00:00+00:00,20771.541666666668
2018-09-27 00:00:00+00:00,20941.0
2018-09-28 00:00:00+00:00,20622.958333333332
2018-09-29 00:00:00+00:00,16241.375
2018-09-30 00:00:00+00:00,13828.0
2018-10-01 00:00:00+00:00,19868.833333333332
2018-10-02 00:00:00+00:00,20404.875
2018-10-03 00:00:00+00:00,20364.333333333332
2018-10-04 00:00:00+00:00,20369.208333333332
2018-10-05 00:00:00+00:00,20091.708333333332
2018-10-06 00:00:00+00:00,15910.125
2018-10-07 00:00:00+00:00,13627.083333333334
2018-10-08 00:00:00+00:00,19616.083333333332
2018-10-09 00:00:00+00:00,20843.708333333332
2018-10-10 00:00:00+00:00,20943.166666666668
2018-10-11 00:00:00+00:00,20949.0
2018-10-12 00:00:00+00:00,20241.125
2018-10-13 00:00:00+00:00,15878.083333333334
2018-10-14 00:00:00+00:00,13491.5
2018-10-15 00:00:00+00:00,19678.875
2018-10-16 00:00:00+00:00,20997.208333333332
2018-10-17 00:00:00+00:00,20989.625
2018-10-18 00:00:00+00:00,20767.25
2018-10-19 00:00:00+00:00,20554.916666666668
2018-10-20 00:00:00+00:00,15912.541666666666
2018-10-21 00:00:00+00:00,13623.208333333334
2018-10-22 00:00:00+00:00,19513.083333333332
2018-10-23 00:00:00+00:00,20751.083333333332
2018-10-24 00:00:00+00:00,20763.583333333332
2018-10-25 00:00:00+00:00,20854.0
2018-10-26 00:00:00+00:00,20804.5
2018-10-27 00:00:00+00:00,16637.0
2018-10-28 00:00:00+00:00,14327.125
2018-10-29 00:00:00+00:00,20051.375
2018-10-30 00:00:00+00:00,20583.833333333332
2018-10-31 00:00:00+00:00,20299.625
2018-11-01 00:00:00+00:00,14310.791666666666
2018-11-02 00:00:00+00:00,16315.625
2018-11-03 00:00:00+00:00,14840.791666666666
2018-11-04 00:00:00+00:00,13556.375
2018-11-05 00:00:00+00:00,19998.166666666668
2018-11-06 00:00:00+00:00,21436.25
2018-11-07 00:00:00+00:00,21271.833333333332
2018-11-08 00:00:00+00:00,21315.833333333332
2018-11-09 00:00:00+00:00,21026.166666666668
2018-11-10 00:00:00+00:00,16648.958333333332
2018-11-11 00:00:00+00:00,14291.125
2018-11-12 00:00:00+00:00,19961.125
2018-11-13 00:00:00+00:00,21082.25
2018-11-14 00:00:00+00:00,21033.041666666668
2018-11-15 00:00:00+00:00,21259.041666666668
2018-11-16 00:00:00+00:00,21281.458333333332
2018-11-17 00:00:00+00:00,16947.875
2018-11-18 00:00:00+00:00,14768.625
2018-11-19 00:00:00+00:00,21190.0
2018-11-20 00:00:00+00:00,22395.875
2018-11-21 00:00:00+00:00,22197.875
2018-11-22 00:00:00+00:00,22050.041666666668
2018-11-23 00:00:00+00:00,21770.541666666668
2018-11-24 00:00:00+00:00,16989.833333333332
2018-11-25 00:00:00+00:00,14657.333333333334
2018-11-26 00:00:00+00:00,20832.958333333332
2018-11-27 00:00:00+00:00,21795.75
2018-11-28 00:00:00+00:00,21983.0
2018-11-29 00:00:00+00:00,21737.75
2018-11-30 00:00:00+00:00,22471.583333333332
2018-12-01 00:00:00+00:00,17732.25
2018-12-02 00:00:00+00:00,15760.083333333334
2018-12-03 00:00:00+00:00,21430.416666666668
2018-12-04 00:00:00+00:00,22388.5
2018-12-05 00:00:00+00:00,22660.541666666668
2018-12-06 00:00:00+00:00,22369.208333333332
2018-12-07 00:00:00+00:00,21835.291666666668
2018-12-08 00:00:00+00:00,15908.791666666666
2018-12-09 00:00:00+00:00,15076.916666666666
2018-12-10 00:00:00+00:00,21353.541666666668
2018-12-11 00:00:00+00:00,22891.458333333332
2018-12-12 00:00:00+00:00,22735.541666666668
2018-12-13 00:00:00+00:00,23181.583333333332
2018-12-14 00:00:00+00:00,22833.375
2018-12-15 00:00:00+00:00,18424.5
2018-12-16 00:00:00+00:00,16287.75
2018-12-17 00:00:00+00:00,22088.916666666668
2018-12-18 00:00:00+00:00,23131.5
2018-12-19 00:00:00+00:00,22942.583333333332
2018-12-20 00:00:00+00:00,22108.833333333332
2018-12-21 00:00:00+00:00,20253.916666666668
2018-12-22 00:00:00+00:00,15561.208333333334
2018-12-23 00:00:00+00:00,13893.125
2018-12-24 00:00:00+00:00,13776.625
2018-12-25 00:00:00+00:00,11751.958333333334
2018-12-26 00:00:00+00:00,12389.916666666666
2018-12-27 00:00:00+00:00,15637.875
2018-12-28 00:00:00+00:00,15600.75
2018-12-29 00:00:00+00:00,13924.375
2018-12-30 00:00:00+00:00,12641.25
2018-12-31 00:00:00+00:00,13434.458333333334
