time,log
2025-01-01 00:48:05.050324759,1
2025-01-01 01:34:48.477911748,1
2025-01-01 02:22:30.191111597,1
2025-01-01 02:28:05.944259418,1
2025-01-01 02:29:49.669139056,1
2025-01-01 02:58:52.861757903,1
2025-01-01 03:27:04.814591012,1
2025-01-01 04:29:33.969738871,1
2025-01-01 04:31:09.122775491,1
2025-01-01 04:52:04.995791342,1
2025-01-01 04:53:29.519359499,1
2025-01-01 05:15:16.347713127,1
2025-01-01 05:49:53.940536587,1
2025-01-01 05:57:38.214326094,1
2025-01-01 06:22:16.117121287,1
2025-01-01 06:25:20.645025878,1
2025-01-01 06:27:10.537746746,1
2025-01-01 06:33:28.752789304,1
2025-01-01 06:51:30.191919748,1
2025-01-01 06:59:45.774315434,1
2025-01-01 07:24:42.637455210,1
2025-01-01 07:29:10.929101864,1
2025-01-01 08:05:56.493418837,1
2025-01-01 08:30:28.996454694,1
2025-01-01 08:43:35.951839449,1
2025-01-01 08:51:56.455887023,1
2025-01-01 09:01:00.439514180,1
2025-01-01 09:02:32.932090646,1
2025-01-01 09:06:08.490795895,1
2025-01-01 09:19:50.875337820,1
2025-01-01 09:27:37.291621211,1
2025-01-01 09:52:54.339850289,1
2025-01-01 10:07:04.528603188,1
2025-01-01 10:11:50.044548345,1
2025-01-01 10:21:03.350551853,1
2025-01-01 10:33:53.218636481,1
2025-01-01 10:40:45.818670206,1
2025-01-01 10:47:12.112135293,1
2025-01-01 11:04:46.809753924,1
2025-01-01 11:10:43.146404638,1
2025-01-01 11:37:23.589314676,1
2025-01-01 12:05:12.626098171,1
2025-01-01 12:26:53.525611729,1
2025-01-01 12:28:21.159629305,1
2025-01-01 12:51:02.040631372,1
2025-01-01 13:18:07.246216810,1
2025-01-01 13:40:33.693798558,1
2025-01-01 13:46:09.752742841,1
2025-01-01 13:52:34.876172084,1
2025-01-01 13:55:53.759260845,1
2025-01-01 14:02:58.995476074,1
2025-01-01 14:03:24.363183765,1
2025-01-01 14:06:45.190859103,1
2025-01-01 14:33:03.259072559,1
2025-01-01 15:52:58.166597980,1
2025-01-01 16:04:14.412308846,1
2025-01-01 16:09:55.259950766,1
2025-01-01 16:17:52.567455454,1
2025-01-01 16:25:06.178122975,1
2025-01-01 16:27:41.738446843,1
2025-01-01 16:49:21.728608688,1
2025-01-01 17:16:52.747232908,1
2025-01-01 17:47:02.118189679,1
2025-01-01 19:33:13.977544590,1
2025-01-01 20:15:21.969826322,1
2025-01-01 20:48:15.808834916,1
2025-01-01 21:09:07.998613287,1
2025-01-01 21:20:59.027652039,1
2025-01-01 21:21:52.371919565,1
2025-01-01 21:41:00.295263749,1
2025-01-01 21:53:25.954968740,1
2025-01-01 22:23:35.508618871,1
2025-01-01 23:04:09.110516258,1
2025-01-01 23:10:47.593093894,1
2025-01-01 23:11:47.293959338,1
2025-01-01 23:30:17.080641485,1
2025-01-02 00:21:21.183921237,1
2025-01-02 00:37:46.469837167,1
2025-01-02 01:20:23.601300180,1
2025-01-02 01:35:27.218994587,1
2025-01-02 02:01:44.011851759,1
2025-01-02 02:07:30.551445379,1
2025-01-02 02:10:11.852146385,1
2025-01-02 02:13:02.829145673,1
2025-01-02 02:15:24.047927363,1
2025-01-02 02:16:29.655670059,1
2025-01-02 02:50:49.567499852,1
2025-01-02 02:59:47.905498372,1
2025-01-02 03:07:31.263013570,1
2025-01-02 03:26:13.214215079,1
2025-01-02 03:29:57.935161640,1
2025-01-02 04:08:19.886091861,1
2025-01-02 04:34:10.233339189,1
2025-01-02 04:40:45.323974389,1
2025-01-02 04:44:46.034151635,1
2025-01-02 04:55:23.257682757,1
2025-01-02 05:01:29.054726525,1
2025-01-02 05:02:59.941165195,1
2025-01-02 05:13:04.212923337,1
2025-01-02 05:58:06.467200978,1
2025-01-02 06:18:17.087125810,1
2025-01-02 07:19:55.980596544,1
2025-01-02 08:00:51.699386703,1
2025-01-02 08:23:13.169905312,1
2025-01-02 09:00:13.890379431,1
2025-01-02 09:14:46.207199711,1
2025-01-02 09:36:07.626306912,1
2025-01-02 09:43:43.888970297,1
2025-01-02 09:48:06.753928391,1
2025-01-02 10:31:00.654789098,1
2025-01-02 10:33:49.018343462,1
2025-01-02 10:37:34.497137474,1
2025-01-02 10:43:46.787222564,1
2025-01-02 11:03:07.786478772,1
2025-01-02 11:11:24.393369996,1
2025-01-02 11:25:05.772892373,1
2025-01-02 12:08:17.507573482,1
2025-01-02 12:39:07.571856723,1
2025-01-02 13:02:33.068245188,1
2025-01-02 13:05:58.208161738,1
2025-01-02 13:29:45.513285769,1
2025-01-02 13:38:50.887283688,1
2025-01-02 13:41:19.403599960,1
2025-01-02 13:49:18.714461628,1
2025-01-02 13:50:43.383385057,1
2025-01-02 14:09:01.485565202,1
2025-01-02 14:28:27.497870985,1
2025-01-02 14:34:20.658002150,1
2025-01-02 14:35:15.667702581,1
2025-01-02 15:29:50.840238969,1
2025-01-02 15:46:00.199230409,1
2025-01-02 16:15:45.886578157,1
2025-01-02 16:22:49.240441490,1
2025-01-02 16:56:20.921477447,1
2025-01-02 17:29:10.447168986,1
2025-01-02 17:31:02.205784219,1
2025-01-02 19:19:40.113390640,1
2025-01-02 19:33:08.428804378,1
2025-01-02 20:01:05.738912302,1
2025-01-02 20:05:58.177654295,1
2025-01-02 20:25:38.763269966,1
2025-01-02 20:31:22.254856341,1
2025-01-02 21:03:38.988781272,1
2025-01-02 21:12:54.679443770,1
2025-01-02 21:28:29.596068905,1
2025-01-02 21:39:03.280757003,1
2025-01-02 21:54:07.492818431,1
2025-01-02 22:03:34.253944036,1
2025-01-02 22:15:49.846667322,1
2025-01-02 22:16:24.312481081,1
2025-01-02 22:48:09.323257680,1
2025-01-02 23:38:20.901323685,1
2025-01-02 23:49:58.052762962,1
2025-01-03 00:58:02.959918994,1
2025-01-03 01:01:24.663714347,1
2025-01-03 01:57:06.240845070,1
2025-01-03 02:04:23.466166258,1
2025-01-03 02:17:45.856078428,1
2025-01-03 03:06:30.249228529,1
2025-01-03 03:09:02.559148045,1
2025-01-03 03:12:51.741100142,1
2025-01-03 03:39:42.775484283,1
2025-01-03 03:59:21.630190083,1
2025-01-03 04:05:07.192797778,1
2025-01-03 04:13:59.222749603,1
2025-01-03 04:28:59.044010457,1
2025-01-03 05:06:58.750468455,1
2025-01-03 05:14:08.734948888,1
2025-01-03 05:29:26.812773958,1
2025-01-03 05:36:31.835038482,1
2025-01-03 05:42:37.017254504,1
2025-01-03 06:25:17.267887985,1
2025-01-03 06:36:25.167533301,1
2025-01-03 07:03:12.477855453,1
2025-01-03 07:09:15.720948780,1
2025-01-03 07:12:58.963061593,1
2025-01-03 07:35:49.852447019,1
2025-01-03 08:04:10.796606397,1
2025-01-03 08:23:11.860340219,1
2025-01-03 08:46:56.682275857,1
2025-01-03 09:07:19.305186302,1
2025-01-03 09:29:09.652327492,1
2025-01-03 10:14:15.271449285,1
2025-01-03 11:10:43.434308977,1
2025-01-03 11:23:58.263117651,1
2025-01-03 11:25:47.157042653,1
2025-01-03 11:53:51.638208770,1
2025-01-03 12:10:47.070512067,1
2025-01-03 12:59:35.630416601,1
2025-01-03 13:20:28.998479771,1
2025-01-03 13:23:17.322029678,1
2025-01-03 13:44:16.370889042,1
2025-01-03 13:55:43.304540366,1
2025-01-03 13:58:01.467907681,1
2025-01-03 14:03:30.088039832,1
2025-01-03 15:13:01.335551666,1
2025-01-03 15:21:04.848263206,1
2025-01-03 15:26:14.557310678,1
2025-01-03 15:35:07.484481639,1
2025-01-03 16:16:28.309731422,1
2025-01-03 16:38:14.913143309,1
2025-01-03 16:42:12.159250584,1
2025-01-03 16:42:21.914557983,1
2025-01-03 16:51:07.542776664,1
2025-01-03 16:54:08.295117622,1
2025-01-03 17:35:29.249616020,1
2025-01-03 17:37:37.155451456,1
2025-01-03 17:51:18.246559708,1
2025-01-03 18:11:39.279520554,1
2025-01-03 19:09:03.285993182,1
2025-01-03 19:14:51.859780848,1
2025-01-03 19:49:34.795660503,1
2025-01-03 20:04:51.198906917,1
2025-01-03 20:39:27.222957380,1
2025-01-03 20:46:36.979038952,1
2025-01-03 20:53:16.301826165,1
2025-01-03 20:58:19.629456771,1
2025-01-03 21:19:12.305643063,1
2025-01-03 21:32:11.857575177,1
2025-01-03 21:49:31.152750135,1
2025-01-03 22:15:10.546799997,1
2025-01-03 22:38:15.439724389,1
2025-01-03 22:59:09.797668362,1
2025-01-03 23:27:08.294836053,1
2025-01-03 23:27:49.619024187,1
2025-01-03 23:57:55.546848850,1
2025-01-04 00:23:56.040380798,1
2025-01-04 00:32:42.436152547,1
2025-01-04 00:37:30.108980622,1
2025-01-04 00:51:42.846279413,1
2025-01-04 01:32:13.681174779,1
2025-01-04 01:38:44.794851053,1
2025-01-04 02:07:24.741936715,1
2025-01-04 03:06:47.611403100,1
2025-01-04 03:14:46.201007933,1
2025-01-04 04:40:49.527600808,1
2025-01-04 04:42:02.002780078,1
2025-01-04 04:42:46.624750830,1
2025-01-04 05:19:55.395219757,1
2025-01-04 05:32:49.861006176,1
2025-01-04 05:44:57.116327790,1
2025-01-04 06:24:08.129077570,1
2025-01-04 07:13:38.128725559,1
2025-01-04 07:30:07.262808593,1
2025-01-04 08:12:15.129275412,1
2025-01-04 08:32:27.693092102,1
2025-01-04 08:42:29.448647698,1
2025-01-04 08:47:21.399667668,1
2025-01-04 09:14:53.517962859,1
2025-01-04 09:57:42.578335294,1
2025-01-04 10:51:06.442693128,1
2025-01-04 10:57:08.855469985,1
2025-01-04 11:17:39.815090381,1
2025-01-04 11:27:55.779207256,1
2025-01-04 12:02:10.093310993,1
2025-01-04 12:06:34.950667710,1
2025-01-04 12:07:45.686449542,1
2025-01-04 12:14:58.783366290,1
2025-01-04 12:16:23.575803429,1
2025-01-04 12:25:48.900242376,1
2025-01-04 12:35:34.356252189,1
2025-01-04 12:37:50.423282803,1
2025-01-04 13:39:35.099615006,1
2025-01-04 13:45:37.716014729,1
2025-01-04 14:09:33.837406729,1
2025-01-04 14:13:34.702094004,1
2025-01-04 14:23:45.222441424,1
2025-01-04 14:25:33.514897845,1
2025-01-04 14:27:54.925263000,1
2025-01-04 14:28:08.306745973,1
2025-01-04 15:00:26.747220028,1
2025-01-04 15:07:33.052903153,1
2025-01-04 15:21:24.211925074,1
2025-01-04 15:38:46.947712748,1
2025-01-04 15:42:22.723348650,1
2025-01-04 16:41:02.499711623,1
2025-01-04 16:51:58.472944141,1
2025-01-04 16:53:28.923219410,1
2025-01-04 16:55:38.575936969,1
2025-01-04 17:05:34.175902926,1
2025-01-04 17:08:06.565273189,1
2025-01-04 17:14:38.157126081,1
2025-01-04 17:29:30.158852684,1
2025-01-04 17:30:19.955379773,1
2025-01-04 17:37:30.629085199,1
2025-01-04 18:08:54.494875093,1
2025-01-04 18:10:23.920926829,1
2025-01-04 18:29:48.350495727,1
2025-01-04 18:30:48.914310871,1
2025-01-04 19:24:22.644845091,1
2025-01-04 19:29:27.679904909,1
2025-01-04 19:34:21.778432098,1
2025-01-04 19:56:09.906863452,1
2025-01-04 20:41:21.147145291,1
2025-01-04 21:45:06.431460528,1
2025-01-04 22:12:44.502891266,1
2025-01-04 22:47:17.636847077,1
2025-01-04 23:09:13.852356302,1
2025-01-04 23:13:04.896252516,1
2025-01-04 23:36:23.679384546,1
2025-01-04 23:39:43.935737361,1
2025-01-04 23:59:30.930979723,1
2025-01-05 00:14:51.640431417,1
2025-01-05 00:22:00.717676972,1
2025-01-05 00:36:12.890794086,1
2025-01-05 00:54:15.595878694,1
2025-01-05 00:58:53.656106474,1
2025-01-05 01:07:15.355485932,1
2025-01-05 01:15:42.629283119,1
2025-01-05 01:17:57.538870517,1
2025-01-05 01:23:45.113548117,1
2025-01-05 01:44:16.387556218,1
2025-01-05 02:08:10.501970320,1
2025-01-05 02:19:39.216911571,1
2025-01-05 02:31:39.144452769,1
2025-01-05 02:39:36.575468459,1
2025-01-05 03:02:56.518399098,1
2025-01-05 03:11:04.009533597,1
2025-01-05 03:30:13.811531300,1
2025-01-05 03:43:01.945358024,1
2025-01-05 03:55:02.282624083,1
2025-01-05 04:52:30.189692153,1
2025-01-05 05:35:24.014136357,1
2025-01-05 05:54:28.751798151,1
2025-01-05 06:18:20.238071629,1
2025-01-05 06:21:17.802213569,1
2025-01-05 06:30:34.006563909,1
2025-01-05 06:56:37.240003407,1
2025-01-05 07:17:04.853449832,1
2025-01-05 07:21:48.911782878,1
2025-01-05 08:23:55.923966265,1
2025-01-05 08:24:41.979446947,1
2025-01-05 08:46:58.015987244,1
2025-01-05 08:48:53.729135467,1
2025-01-05 09:38:02.487741636,1
2025-01-05 09:39:46.382753651,1
2025-01-05 10:10:48.374590811,1
2025-01-05 10:14:25.664902856,1
2025-01-05 11:45:14.302065680,1
2025-01-05 11:56:48.005601040,1
2025-01-05 12:20:17.149758500,1
2025-01-05 12:39:52.416798864,1
2025-01-05 12:53:16.287778129,1
2025-01-05 13:22:06.723671391,1
2025-01-05 13:36:54.738965933,1
2025-01-05 14:31:43.462215261,1
2025-01-05 14:32:56.717311664,1
2025-01-05 16:20:07.355880674,1
2025-01-05 16:36:40.764541684,1
2025-01-05 16:42:34.571676502,1
2025-01-05 16:54:18.446803542,1
2025-01-05 17:19:10.106646965,1
2025-01-05 17:39:06.286904852,1
2025-01-05 18:20:51.294955192,1
2025-01-05 19:06:22.180804535,1
2025-01-05 19:25:16.836913299,1
2025-01-05 19:56:46.016041627,1
2025-01-05 20:10:12.626895285,1
2025-01-05 20:12:30.646587035,1
2025-01-05 20:23:23.310460927,1
2025-01-05 20:29:16.126876060,1
2025-01-05 21:08:42.368708491,1
2025-01-05 21:13:17.052840610,1
2025-01-05 21:38:45.969778419,1
2025-01-05 22:24:13.345805085,1
2025-01-05 22:26:53.978244375,1
2025-01-05 22:45:53.206567170,1
2025-01-05 23:38:03.323274501,1
2025-01-05 23:48:22.513630976,1
2025-01-05 23:58:13.106461488,1
2025-01-06 00:11:29.957698278,1
2025-01-06 00:15:37.091617879,1
2025-01-06 00:19:13.193445119,1
2025-01-06 01:21:21.655232907,1
2025-01-06 02:09:22.831162482,1
2025-01-06 02:21:09.447886267,1
2025-01-06 02:27:37.635896025,1
2025-01-06 02:54:30.627086426,1
2025-01-06 04:21:28.100573412,1
2025-01-06 05:04:48.851207903,1
2025-01-06 05:14:32.151328674,1
2025-01-06 05:27:46.842304536,1
2025-01-06 05:49:41.459508015,1
2025-01-06 06:04:42.446794432,1
2025-01-06 06:11:11.329202597,1
2025-01-06 06:17:36.711972186,1
2025-01-06 06:39:16.430421672,1
2025-01-06 07:49:08.038134764,1
2025-01-06 07:52:58.047171154,1
2025-01-06 08:16:45.103668617,1
2025-01-06 09:09:14.721862999,1
2025-01-06 09:09:30.007311929,1
2025-01-06 09:20:28.406661400,1
2025-01-06 09:47:25.931270628,1
2025-01-06 10:32:54.027007352,1
2025-01-06 11:29:14.900913445,1
2025-01-06 11:35:55.711812946,1
2025-01-06 11:37:20.417113779,1
2025-01-06 11:44:10.070279985,1
2025-01-06 12:00:20.787584027,1
2025-01-06 12:05:38.524336457,1
2025-01-06 12:14:13.808901059,1
2025-01-06 12:42:36.573268242,1
2025-01-06 12:42:57.660633392,1
2025-01-06 13:18:29.508432538,1
2025-01-06 13:18:54.881450037,1
2025-01-06 13:38:03.939496652,1
2025-01-06 13:39:14.802847872,1
2025-01-06 13:45:38.862829260,1
2025-01-06 13:57:19.793241289,1
2025-01-06 14:40:50.147729092,1
2025-01-06 14:45:09.134841203,1
2025-01-06 16:02:52.231793575,1
2025-01-06 16:46:26.057507882,1
2025-01-06 16:48:01.112160133,1
2025-01-06 16:48:11.833502970,1
2025-01-06 16:51:35.573908712,1
2025-01-06 17:11:05.144110370,1
2025-01-06 19:14:28.063688399,1
2025-01-06 19:21:34.297789560,1
2025-01-06 19:49:31.476723265,1
2025-01-06 19:51:12.133307508,1
2025-01-06 20:22:25.824293498,1
2025-01-06 21:02:11.605483924,1
2025-01-06 21:46:32.010608599,1
2025-01-06 22:31:32.966953071,1
2025-01-06 23:04:27.559427720,1
2025-01-06 23:06:09.310524008,1
2025-01-06 23:22:38.216716446,1
2025-01-06 23:31:21.822473708,1
2025-01-06 23:40:43.984697714,1
2025-01-07 00:25:24.321725755,1
2025-01-07 01:08:30.456104615,1
2025-01-07 01:31:53.729522285,1
2025-01-07 01:36:55.606346145,1
2025-01-07 01:58:58.534496877,1
2025-01-07 02:04:43.451258418,1
2025-01-07 02:34:24.900002323,1
2025-01-07 02:38:17.050070853,1
2025-01-07 03:01:57.566640590,1
2025-01-07 03:11:27.890698057,1
2025-01-07 03:13:21.279115807,1
2025-01-07 03:40:57.372488114,1
2025-01-07 03:43:29.701473564,1
2025-01-07 05:08:57.329007949,1
2025-01-07 05:22:07.960534282,1
2025-01-07 05:29:14.104841155,1
2025-01-07 05:33:13.436021520,1
2025-01-07 05:47:48.802763452,1
2025-01-07 06:15:38.139409286,1
2025-01-07 06:51:09.575683824,1
2025-01-07 07:08:44.424448651,1
2025-01-07 08:16:29.615493039,1
2025-01-07 08:47:31.539988271,1
2025-01-07 08:51:05.664851772,1
2025-01-07 09:55:48.998766285,1
2025-01-07 10:03:53.612170968,1
2025-01-07 11:11:53.588987441,1
2025-01-07 11:18:05.865198934,1
2025-01-07 11:28:36.886889500,1
2025-01-07 11:51:32.306648375,1
2025-01-07 11:53:00.726656477,1
2025-01-07 12:45:41.554554890,1
2025-01-07 12:54:39.901989246,1
2025-01-07 12:59:51.043994051,1
2025-01-07 13:01:03.892385479,1
2025-01-07 13:01:34.459309131,1
2025-01-07 13:02:09.442939383,1
2025-01-07 13:09:47.018007323,1
2025-01-07 13:17:05.182516283,1
2025-01-07 13:37:29.858141379,1
2025-01-07 14:23:17.874932910,1
2025-01-07 14:46:44.964059503,1
2025-01-07 15:08:33.515083292,1
2025-01-07 15:19:38.122996014,1
2025-01-07 15:38:59.748348304,1
2025-01-07 15:55:00.498114509,1
2025-01-07 15:56:04.928000564,1
2025-01-07 16:01:27.391907205,1
2025-01-07 16:06:38.510253689,1
2025-01-07 16:08:10.740689309,1
2025-01-07 16:17:19.651946593,1
2025-01-07 16:18:30.829564589,1
2025-01-07 16:48:35.994307661,1
2025-01-07 17:19:23.712818511,1
2025-01-07 17:21:32.994481917,1
2025-01-07 17:23:16.401512885,1
2025-01-07 18:25:52.080976804,1
2025-01-07 18:32:08.530862893,1
2025-01-07 18:46:13.975448341,1
2025-01-07 18:58:31.643805665,1
2025-01-07 19:23:59.524987673,1
2025-01-07 19:44:43.380354806,1
2025-01-07 20:30:29.573746243,1
2025-01-07 20:34:15.788915379,1
2025-01-07 20:54:54.916136819,1
2025-01-07 21:03:30.626386949,1
2025-01-07 21:17:48.412265758,1
2025-01-07 22:40:41.834297832,1
2025-01-07 22:51:31.215981605,1
2025-01-07 23:15:06.082233536,1
2025-01-07 23:27:54.308714586,1
2025-01-07 23:31:50.032825176,1
2025-01-07 23:32:13.597306430,1
2025-01-08 00:03:25.281039589,1
2025-01-08 00:05:20.036034226,1
2025-01-08 00:09:15.534966466,1
2025-01-08 00:27:31.192531434,1
2025-01-08 00:34:59.302650125,1
2025-01-08 00:47:13.591937820,1
2025-01-08 00:59:44.463348634,1
2025-01-08 01:00:13.454989245,1
2025-01-08 01:44:21.310555051,1
2025-01-08 03:05:28.466190912,1
2025-01-08 03:19:09.942639353,1
2025-01-08 03:27:25.613311246,1
2025-01-08 04:12:50.499781024,1
2025-01-08 04:23:33.889849651,1
2025-01-08 04:43:02.029120882,1
2025-01-08 05:24:24.662673281,1
2025-01-08 05:33:01.577188502,1
2025-01-08 06:11:32.498447168,1
2025-01-08 06:34:24.457261916,1
2025-01-08 06:54:56.150937966,1
2025-01-08 07:30:14.851239374,1
2025-01-08 07:30:32.392694842,1
2025-01-08 07:38:00.378823107,1
2025-01-08 07:42:31.037021454,1
2025-01-08 07:49:05.404217964,1
2025-01-08 07:57:32.061221250,1
2025-01-08 08:02:40.991646170,1
2025-01-08 08:14:36.494314068,1
2025-01-08 08:21:40.034798561,1
2025-01-08 08:32:53.165477937,1
2025-01-08 08:45:54.163544971,1
2025-01-08 08:51:19.423198854,1
2025-01-08 09:10:43.672803253,1
2025-01-08 09:34:14.653310162,1
2025-01-08 10:05:23.915358941,1
2025-01-08 10:09:59.520499934,1
2025-01-08 10:29:49.921754877,1
2025-01-08 10:57:16.285274426,1
2025-01-08 10:58:13.478679959,1
2025-01-08 11:09:37.840561349,1
2025-01-08 11:28:38.640885848,1
2025-01-08 11:34:35.792671078,1
2025-01-08 12:11:21.956384302,1
2025-01-08 12:37:16.198078847,1
2025-01-08 12:41:03.898334009,1
2025-01-08 12:53:00.046416178,1
2025-01-08 14:00:03.564230401,1
2025-01-08 14:16:01.031526065,1
2025-01-08 14:44:27.337175615,1
2025-01-08 15:33:55.963159815,1
2025-01-08 15:45:47.444632306,1
2025-01-08 15:47:43.918432010,1
2025-01-08 15:52:41.620674594,1
2025-01-08 16:05:57.638284411,1
2025-01-08 16:17:41.800180073,1
2025-01-08 16:33:55.250614824,1
2025-01-08 17:00:17.671096638,1
2025-01-08 17:30:42.060363621,1
2025-01-08 17:52:01.532525219,1
2025-01-08 18:49:13.959234621,1
2025-01-08 20:01:32.093474358,1
2025-01-08 20:27:38.194333901,1
2025-01-08 21:06:34.178631325,1
2025-01-08 21:16:52.339828414,1
2025-01-08 21:19:45.421560185,1
2025-01-08 21:36:35.430076546,1
2025-01-08 22:28:23.801592795,1
2025-01-08 22:31:35.820641189,1
2025-01-08 22:40:21.503697689,1
2025-01-08 23:00:19.310006016,1
2025-01-08 23:11:48.479119102,1
2025-01-08 23:12:52.778851525,1
2025-01-09 00:35:59.041940281,1
2025-01-09 00:51:31.541500756,1
2025-01-09 00:57:22.100180340,1
2025-01-09 01:07:19.392031132,1
2025-01-09 01:07:54.749017538,1
2025-01-09 01:24:00.847291310,1
2025-01-09 01:56:55.875675332,1
2025-01-09 02:13:04.352629200,1
2025-01-09 02:42:46.298435423,1
2025-01-09 02:56:16.899974852,1
2025-01-09 03:25:25.081458123,1
2025-01-09 03:39:33.490438880,1
2025-01-09 04:00:00.434349623,1
2025-01-09 04:38:27.446056240,1
2025-01-09 06:06:17.833953364,1
2025-01-09 06:17:03.514789699,1
2025-01-09 07:25:57.747895839,1
2025-01-09 07:28:12.203622069,1
2025-01-09 07:46:22.426774205,1
2025-01-09 08:00:25.457364149,1
2025-01-09 08:17:40.921101157,1
2025-01-09 08:54:37.327730015,1
2025-01-09 09:04:29.937503832,1
2025-01-09 10:28:31.657600914,1
2025-01-09 10:44:24.505315219,1
2025-01-09 11:13:38.826260511,1
2025-01-09 11:31:26.134967253,1
2025-01-09 11:46:10.642957737,1
2025-01-09 11:57:41.017554783,1
2025-01-09 11:58:10.267864406,1
2025-01-09 13:16:44.967571090,1
2025-01-09 13:37:35.046239187,1
2025-01-09 14:32:46.986742368,1
2025-01-09 15:53:39.701265178,1
2025-01-09 16:24:38.750035750,1
2025-01-09 16:34:13.765151528,1
2025-01-09 16:46:54.801101842,1
2025-01-09 16:48:54.404487085,1
2025-01-09 17:36:18.752253885,1
2025-01-09 17:59:49.373635944,1
2025-01-09 18:54:46.483716090,1
2025-01-09 19:43:14.197537324,1
2025-01-09 19:44:03.458433404,1
2025-01-09 20:19:21.261815191,1
2025-01-09 20:22:16.423379888,1
2025-01-09 20:23:48.136900993,1
2025-01-09 20:46:31.903162960,1
2025-01-09 20:58:42.265584546,1
2025-01-09 21:30:12.933852261,1
2025-01-09 22:35:37.887644972,1
2025-01-09 22:46:38.115694465,1
2025-01-09 23:05:06.629743211,1
2025-01-09 23:05:10.381469795,1
2025-01-09 23:09:47.766890869,1
2025-01-09 23:32:13.301132093,1
2025-01-09 23:32:28.300081708,1
2025-01-09 23:53:25.851273585,1
2025-01-10 00:13:17.029416219,1
2025-01-10 00:15:13.801470700,1
2025-01-10 01:07:13.961325620,1
2025-01-10 01:36:15.899349482,1
2025-01-10 02:24:12.141862655,1
2025-01-10 02:27:31.593073840,1
2025-01-10 02:55:35.430671713,1
2025-01-10 03:03:59.799158134,1
2025-01-10 04:04:54.324785356,1
2025-01-10 04:18:11.730369846,1
2025-01-10 04:37:28.573232213,1
2025-01-10 04:43:59.558852759,1
2025-01-10 04:56:51.623487465,1
2025-01-10 05:24:44.141889150,1
2025-01-10 05:45:59.721185180,1
2025-01-10 05:46:16.526868891,1
2025-01-10 05:46:59.543400811,1
2025-01-10 05:59:14.391830744,1
2025-01-10 06:29:22.411603577,1
2025-01-10 06:48:03.162863976,1
2025-01-10 06:52:03.797070354,1
2025-01-10 07:24:31.733566367,1
2025-01-10 08:31:58.997675228,1
2025-01-10 08:40:11.529229043,1
2025-01-10 08:53:12.034925774,1
2025-01-10 09:04:59.201660440,1
2025-01-10 09:11:55.969743838,1
2025-01-10 09:20:26.442021618,1
2025-01-10 09:27:35.483130314,1
2025-01-10 09:31:38.663999854,1
2025-01-10 09:32:50.456542282,1
2025-01-10 09:39:35.183860368,1
2025-01-10 10:22:59.906943100,1
2025-01-10 10:30:46.183484976,1
2025-01-10 10:36:10.174723059,1
2025-01-10 11:07:15.759840319,1
2025-01-10 11:17:36.635757000,1
2025-01-10 11:46:14.268769855,1
2025-01-10 12:09:28.764210493,1
2025-01-10 12:32:43.296930193,1
2025-01-10 12:40:00.042562832,1
2025-01-10 12:57:05.121647227,1
2025-01-10 13:55:09.121169941,1
2025-01-10 14:22:18.863603038,1
2025-01-10 14:46:44.588898045,1
2025-01-10 14:58:50.983729987,1
2025-01-10 15:22:11.227582606,1
2025-01-10 15:36:51.126668361,1
2025-01-10 15:40:26.644417123,1
2025-01-10 15:47:32.186712650,1
2025-01-10 15:50:57.298432606,1
2025-01-10 16:12:50.256786898,1
2025-01-10 16:14:51.395753823,1
2025-01-10 16:16:42.656644376,1
2025-01-10 16:21:01.644812471,1
2025-01-10 16:30:32.729234067,1
2025-01-10 16:34:03.793636431,1
2025-01-10 17:00:18.242688570,1
2025-01-10 17:15:46.847594379,1
2025-01-10 18:58:03.936779810,1
2025-01-10 20:06:20.453325801,1
2025-01-10 20:20:41.185662124,1
2025-01-10 20:33:24.753332252,1
2025-01-10 20:35:48.433958354,1
2025-01-10 21:08:47.026493431,1
2025-01-10 22:19:18.690714492,1
2025-01-10 22:32:29.004837408,1
2025-01-10 23:04:05.006372713,1
2025-01-10 23:04:30.096056957,1
2025-01-11 01:32:15.092748805,1
2025-01-11 01:34:22.508453774,1
2025-01-11 02:04:36.756989576,1
2025-01-11 02:05:42.157634263,1
2025-01-11 02:12:34.570850646,1
2025-01-11 02:20:35.873060244,1
2025-01-11 02:41:45.920571034,1
2025-01-11 02:43:05.826237356,1
2025-01-11 02:52:05.285705716,1
2025-01-11 02:56:56.263862439,1
2025-01-11 02:59:22.036353044,1
2025-01-11 03:33:03.209155500,1
2025-01-11 03:42:40.472986255,1
2025-01-11 03:44:38.110209646,1
2025-01-11 03:56:05.791184911,1
2025-01-11 04:00:00.878639127,1
2025-01-11 04:00:02.204454088,1
2025-01-11 04:02:14.263748425,1
2025-01-11 04:26:08.446153604,1
2025-01-11 04:26:10.529572855,1
2025-01-11 04:35:43.268120277,1
2025-01-11 04:49:43.807655986,1
2025-01-11 04:55:42.098397943,1
2025-01-11 05:11:47.935968840,1
2025-01-11 05:48:20.818637824,1
2025-01-11 06:00:51.917699546,1
2025-01-11 06:12:36.681344358,1
2025-01-11 06:15:38.658549775,1
2025-01-11 06:28:16.681172014,1
2025-01-11 07:14:39.662250558,1
2025-01-11 07:26:19.305425006,1
2025-01-11 07:40:54.086734936,1
2025-01-11 08:38:25.823855202,1
2025-01-11 08:46:25.393144679,1
2025-01-11 08:47:19.510375393,1
2025-01-11 09:29:20.696270495,1
2025-01-11 09:43:10.048113052,1
2025-01-11 09:46:01.550372012,1
2025-01-11 09:47:46.859038941,1
2025-01-11 10:01:08.384918559,1
2025-01-11 10:32:31.819616351,1
2025-01-11 10:33:09.067818740,1
2025-01-11 10:34:36.438212064,1
2025-01-11 10:36:50.412681553,1
2025-01-11 10:40:14.348474271,1
2025-01-11 11:00:11.374366206,1
2025-01-11 11:01:19.165818846,1
2025-01-11 11:39:28.866166719,1
2025-01-11 12:29:51.074337522,1
2025-01-11 14:09:46.875796925,1
2025-01-11 14:09:58.631687035,1
2025-01-11 14:14:18.388847539,1
2025-01-11 14:28:59.463108546,1
2025-01-11 14:30:23.349682467,1
2025-01-11 15:52:40.648489257,1
2025-01-11 16:59:48.024633395,1
2025-01-11 17:13:28.469743155,1
2025-01-11 17:53:25.913754886,1
2025-01-11 18:34:52.561420367,1
2025-01-11 18:49:58.724249154,1
2025-01-11 18:59:45.246158170,1
2025-01-11 19:39:53.405249873,1
2025-01-11 19:51:51.595901081,1
2025-01-11 20:41:30.797673839,1
2025-01-11 21:01:43.967853659,1
2025-01-11 21:15:25.441010466,1
2025-01-11 21:25:25.449228740,1
2025-01-11 21:32:16.407937181,1
2025-01-11 21:36:41.075912230,1
2025-01-11 21:36:53.835638123,1
2025-01-11 21:43:06.523331421,1
2025-01-11 21:43:28.464436230,1
2025-01-11 21:48:28.819324425,1
2025-01-11 22:54:36.793641963,1
2025-01-11 23:44:04.690919176,1
2025-01-12 00:32:09.627838097,1
2025-01-12 00:40:10.081754572,1
2025-01-12 01:39:50.255187363,1
2025-01-12 02:02:49.329807261,1
2025-01-12 02:03:43.228716842,1
2025-01-12 02:08:58.061080868,1
2025-01-12 02:30:35.602659398,1
2025-01-12 02:34:08.258924655,1
2025-01-12 02:36:30.579171561,1
2025-01-12 03:05:07.295602528,1
2025-01-12 03:05:14.456187746,1
2025-01-12 03:05:56.780197549,1
2025-01-12 03:44:56.856130746,1
2025-01-12 03:51:56.405158256,1
2025-01-12 04:45:43.875135183,1
2025-01-12 05:16:29.127930202,1
2025-01-12 05:39:27.941425394,1
2025-01-12 05:48:01.338539492,1
2025-01-12 05:51:28.076121620,1
2025-01-12 05:53:01.204783942,1
2025-01-12 06:21:42.404389481,1
2025-01-12 06:23:48.465205711,1
2025-01-12 06:27:53.606518804,1
2025-01-12 06:43:14.628741890,1
2025-01-12 06:44:02.015753971,1
2025-01-12 07:05:37.461091795,1
2025-01-12 07:06:58.093246603,1
2025-01-12 07:11:03.261423481,1
2025-01-12 07:12:42.047245480,1
2025-01-12 07:59:25.870180656,1
2025-01-12 09:11:09.126669329,1
2025-01-12 09:37:27.001173454,1
2025-01-12 10:00:56.797543102,1
2025-01-12 10:06:46.224860236,1
2025-01-12 10:29:21.708483114,1
2025-01-12 10:53:01.548159720,1
2025-01-12 11:21:37.440022346,1
2025-01-12 11:53:42.166647492,1
2025-01-12 12:26:53.034690164,1
2025-01-12 12:27:16.559502554,1
2025-01-12 12:50:47.697150101,1
2025-01-12 13:10:21.143776392,1
2025-01-12 13:51:35.489490585,1
2025-01-12 13:54:06.774205719,1
2025-01-12 14:16:34.510728702,1
2025-01-12 14:29:22.768135184,1
2025-01-12 14:42:29.595816193,1
2025-01-12 14:45:44.778239523,1
2025-01-12 15:14:36.366247561,1
2025-01-12 15:28:47.449098463,1
2025-01-12 15:30:58.385391502,1
2025-01-12 18:00:23.195203221,1
2025-01-12 18:19:05.330168461,1
2025-01-12 18:29:19.470644136,1
2025-01-12 19:34:32.555160855,1
2025-01-12 20:11:52.548809266,1
2025-01-12 20:42:47.236604715,1
2025-01-12 20:44:13.641828611,1
2025-01-12 21:06:42.720842168,1
2025-01-12 21:50:24.582491045,1
2025-01-12 22:04:08.621564878,1
2025-01-12 22:33:21.844235318,1
2025-01-12 22:39:52.545711129,1
2025-01-12 22:42:52.183636464,1
2025-01-12 23:26:09.431712827,1
2025-01-12 23:37:04.463791573,1
2025-01-12 23:51:22.932524757,1
2025-01-12 23:58:35.348492681,1
2025-01-13 00:12:25.864567820,1
2025-01-13 00:19:25.468683786,1
2025-01-13 00:20:33.478317736,1
2025-01-13 01:00:26.317210618,1
2025-01-13 01:04:10.969343529,1
2025-01-13 01:11:52.265519771,1
2025-01-13 01:50:45.269877324,1
2025-01-13 02:12:40.574205210,1
2025-01-13 02:30:07.052770371,1
2025-01-13 03:13:34.041635632,1
2025-01-13 03:17:08.658846298,1
2025-01-13 03:30:30.445100651,1
2025-01-13 03:43:05.838583219,1
2025-01-13 04:52:57.689085130,1
2025-01-13 05:27:29.074155248,1
2025-01-13 05:31:53.757599978,1
2025-01-13 05:35:14.428708132,1
2025-01-13 05:44:30.157706759,1
2025-01-13 05:48:52.954585952,1
2025-01-13 05:58:14.150624282,1
2025-01-13 06:00:29.798753494,1
2025-01-13 06:18:27.899969100,1
2025-01-13 06:22:55.795356665,1
2025-01-13 06:27:48.758780851,1
2025-01-13 07:48:01.926363270,1
2025-01-13 08:21:53.149378202,1
2025-01-13 09:04:41.954791624,1
2025-01-13 09:06:00.654959447,1
2025-01-13 09:12:07.454823372,1
2025-01-13 09:21:28.954233028,1
2025-01-13 09:56:28.132810450,1
2025-01-13 10:15:24.228850698,1
2025-01-13 10:15:31.671843458,1
2025-01-13 10:22:15.756217538,1
2025-01-13 10:56:01.406727855,1
2025-01-13 12:49:31.450096409,1
2025-01-13 12:57:58.839104320,1
2025-01-13 13:10:31.511136805,1
2025-01-13 13:29:09.662869875,1
2025-01-13 13:41:42.145656381,1
2025-01-13 14:14:57.777249697,1
2025-01-13 14:59:14.531199848,1
2025-01-13 15:03:27.485541238,1
2025-01-13 15:19:18.597168956,1
2025-01-13 15:21:32.022906402,1
2025-01-13 15:25:02.588114161,1
2025-01-13 15:37:43.002717498,1
2025-01-13 15:45:04.405372733,1
2025-01-13 15:46:53.705929870,1
2025-01-13 16:01:52.581178312,1
2025-01-13 16:28:41.907013873,1
2025-01-13 16:54:51.984800388,1
2025-01-13 17:02:26.149598856,1
2025-01-13 17:17:53.335117056,1
2025-01-13 17:22:19.823444498,1
2025-01-13 17:27:34.527165877,1
2025-01-13 17:35:20.941604334,1
2025-01-13 18:32:17.897581836,1
2025-01-13 18:43:01.653708344,1
2025-01-13 19:00:40.334125990,1
2025-01-13 19:16:00.222330815,1
2025-01-13 19:43:32.958751660,1
2025-01-13 20:41:55.676242325,1
2025-01-13 20:50:24.735929461,1
2025-01-13 21:16:42.705962930,1
2025-01-13 21:24:48.051569911,1
2025-01-13 22:06:08.324137744,1
2025-01-13 22:09:07.705994020,1
2025-01-13 22:12:02.163182504,1
2025-01-13 22:27:01.512284800,1
2025-01-13 22:28:44.057904558,1
2025-01-13 22:35:11.898684675,1
2025-01-13 22:50:49.097275641,1
2025-01-13 22:56:53.195833576,1
2025-01-13 23:49:46.746533017,1
2025-01-14 00:05:25.917016856,1
2025-01-14 00:18:22.173088319,1
2025-01-14 00:33:15.656031716,1
2025-01-14 00:58:37.747982863,1
2025-01-14 01:05:51.056271038,1
2025-01-14 01:34:03.871281760,1
2025-01-14 02:25:03.558280395,1
2025-01-14 03:05:52.834331036,1
2025-01-14 03:20:20.408050619,1
2025-01-14 03:25:12.646335775,1
2025-01-14 03:31:46.101019097,1
2025-01-14 04:03:56.060797279,1
2025-01-14 04:22:25.389628263,1
2025-01-14 04:30:19.293255815,1
2025-01-14 04:30:57.544080521,1
2025-01-14 05:10:20.938047630,1
2025-01-14 05:13:39.979496366,1
2025-01-14 05:25:37.286641773,1
2025-01-14 05:31:54.286688896,1
2025-01-14 05:40:17.981112905,1
2025-01-14 05:41:54.959773806,1
2025-01-14 05:48:34.706329068,1
2025-01-14 06:38:41.176182063,1
2025-01-14 06:50:46.435693184,1
2025-01-14 07:02:27.440377196,1
2025-01-14 07:20:11.747505820,1
2025-01-14 07:28:55.004315252,1
2025-01-14 07:36:49.917990978,1
2025-01-14 07:37:13.473812792,1
2025-01-14 08:08:32.867574774,1
2025-01-14 08:32:46.826060346,1
2025-01-14 08:42:55.713771021,1
2025-01-14 09:02:35.043898522,1
2025-01-14 09:12:45.017024938,1
2025-01-14 09:15:12.282526066,1
2025-01-14 09:18:20.010207131,1
2025-01-14 10:25:07.232764639,1
2025-01-14 10:50:28.887401027,1
2025-01-14 10:59:25.246166800,1
2025-01-14 11:27:45.914036361,1
2025-01-14 11:42:15.966101559,1
2025-01-14 12:13:07.615804695,1
2025-01-14 12:35:04.712260522,1
2025-01-14 13:03:16.745521540,1
2025-01-14 13:03:23.635321984,1
2025-01-14 14:29:30.475094181,1
2025-01-14 14:30:27.536170982,1
2025-01-14 14:40:26.332495341,1
2025-01-14 14:43:04.991137157,1
2025-01-14 14:47:24.457981251,1
2025-01-14 14:57:55.488498280,1
2025-01-14 15:06:44.106078571,1
2025-01-14 16:04:32.047359464,1
2025-01-14 16:14:15.836000978,1
2025-01-14 17:14:25.538746943,1
2025-01-14 17:31:53.222397438,1
2025-01-14 17:41:51.249135552,1
2025-01-14 18:00:08.188547828,1
2025-01-14 18:17:26.736067717,1
2025-01-14 18:23:24.659631161,1
2025-01-14 18:29:14.185064865,1
2025-01-14 19:15:06.047424535,1
2025-01-14 19:16:41.592382990,1
2025-01-14 19:31:09.483359417,1
2025-01-14 20:32:13.054317454,1
2025-01-14 20:39:51.112057076,1
2025-01-14 21:13:29.061323201,1
2025-01-14 21:20:55.042381326,1
2025-01-14 22:23:25.330507614,1
2025-01-14 22:26:25.507622288,1
2025-01-14 22:37:01.228872567,1
2025-01-14 22:51:24.451276625,1
2025-01-14 23:18:46.101671873,1
2025-01-14 23:35:55.215895114,1
2025-01-15 00:06:37.496104166,1
2025-01-15 00:09:41.188791024,1
2025-01-15 00:41:35.761729261,1
2025-01-15 01:30:46.298857008,1
2025-01-15 01:59:27.486655785,1
2025-01-15 02:07:09.720001367,1
2025-01-15 02:11:43.042780016,1
2025-01-15 02:18:03.688681359,1
2025-01-15 02:20:37.104911269,1
2025-01-15 02:42:30.095011463,1
2025-01-15 02:58:27.372945345,1
2025-01-15 03:14:25.985137741,1
2025-01-15 03:33:48.036111764,1
2025-01-15 04:19:37.520034970,1
2025-01-15 04:20:59.503331524,1
2025-01-15 04:31:10.830558975,1
2025-01-15 04:36:07.881713377,1
2025-01-15 05:00:58.502703004,1
2025-01-15 05:43:27.246607101,1
2025-01-15 05:50:13.952478992,1
2025-01-15 06:02:46.663082616,1
2025-01-15 06:03:44.362848147,1
2025-01-15 06:16:25.925669335,1
2025-01-15 06:23:49.771021098,1
2025-01-15 06:43:13.594857007,1
2025-01-15 06:56:37.324627075,1
2025-01-15 07:28:53.733264220,1
2025-01-15 07:39:57.831613427,1
2025-01-15 07:52:42.215530930,1
2025-01-15 08:30:07.430713357,1
2025-01-15 08:41:41.718079912,1
2025-01-15 09:01:28.236798739,1
2025-01-15 09:06:32.113972464,1
2025-01-15 09:34:57.837059286,1
2025-01-15 09:55:37.783865551,1
2025-01-15 10:17:05.826573389,1
2025-01-15 10:39:40.117312165,1
2025-01-15 10:58:30.192926306,1
2025-01-15 11:00:07.549135406,1
2025-01-15 11:07:28.168098234,1
2025-01-15 11:49:22.480842037,1
2025-01-15 12:24:25.102989744,1
2025-01-15 12:58:48.594454721,1
2025-01-15 13:57:29.522657584,1
2025-01-15 14:14:15.824083055,1
2025-01-15 14:29:48.598560489,1
2025-01-15 14:43:40.734455971,1
2025-01-15 14:45:01.440828147,1
2025-01-15 14:59:44.694448040,1
2025-01-15 15:26:18.247250358,1
2025-01-15 15:32:54.262856383,1
2025-01-15 16:17:36.640718463,1
2025-01-15 16:37:43.837920776,1
2025-01-15 17:01:40.318282590,1
2025-01-15 17:20:27.917277100,1
2025-01-15 17:54:34.655027874,1
2025-01-15 18:06:57.872781602,1
2025-01-15 18:22:35.572964769,1
2025-01-15 18:28:05.039482729,1
2025-01-15 18:42:32.768450724,1
2025-01-15 18:47:59.055478800,1
2025-01-15 19:24:05.991818007,1
2025-01-15 19:41:08.697205586,1
2025-01-15 19:57:55.711489740,1
2025-01-15 20:29:57.158035952,1
2025-01-15 20:34:55.866065270,1
2025-01-15 20:40:07.322987028,1
2025-01-15 21:41:48.239185784,1
2025-01-15 22:00:10.589211610,1
2025-01-15 22:17:07.711314109,1
2025-01-15 22:17:27.589057258,1
2025-01-15 22:27:23.454179558,1
2025-01-15 23:13:34.722446986,1
2025-01-15 23:47:01.091473392,1
2025-01-15 23:57:13.811970700,1
2025-01-16 00:18:19.977914762,1
2025-01-16 00:27:39.274533250,1
2025-01-16 00:39:43.903295044,1
2025-01-16 00:48:25.604331580,1
2025-01-16 00:53:21.561712700,1
2025-01-16 01:09:08.490253537,1
2025-01-16 01:22:36.542891140,1
2025-01-16 02:24:06.320077494,1
2025-01-16 02:26:25.909158422,1
2025-01-16 02:38:23.680118783,1
2025-01-16 03:07:15.883182226,1
2025-01-16 03:21:49.145919746,1
2025-01-16 04:14:51.823700377,1
2025-01-16 04:24:35.367468237,1
2025-01-16 04:27:53.637254001,1
2025-01-16 05:10:55.907143929,1
2025-01-16 05:12:20.815265980,1
2025-01-16 05:23:30.510577120,1
2025-01-16 05:31:50.882878981,1
2025-01-16 05:50:15.932734434,1
2025-01-16 06:16:14.992714240,1
2025-01-16 06:29:04.092957792,1
2025-01-16 07:06:45.686561196,1
2025-01-16 07:07:42.393387649,1
2025-01-16 07:15:32.051450726,1
2025-01-16 07:32:59.983800138,1
2025-01-16 07:42:31.449559402,1
2025-01-16 07:45:38.033063177,1
2025-01-16 07:50:12.878814452,1
2025-01-16 08:00:19.606260332,1
2025-01-16 08:08:44.607990849,1
2025-01-16 08:34:54.428381204,1
2025-01-16 08:58:35.941456188,1
2025-01-16 09:21:00.419143066,1
2025-01-16 09:40:27.204566382,1
2025-01-16 10:08:23.981603503,1
2025-01-16 11:07:33.689065789,1
2025-01-16 11:14:32.600630085,1
2025-01-16 11:57:37.814852279,1
2025-01-16 11:57:55.919459786,1
2025-01-16 12:58:41.944589988,1
2025-01-16 13:00:48.746315322,1
2025-01-16 13:03:11.923838244,1
2025-01-16 13:14:35.748056620,1
2025-01-16 13:17:55.703013489,1
2025-01-16 13:18:10.517970783,1
2025-01-16 13:18:10.603442172,1
2025-01-16 13:24:51.754783387,1
2025-01-16 13:59:48.662040007,1
2025-01-16 14:02:22.976467849,1
2025-01-16 14:20:45.050402592,1
2025-01-16 14:55:15.864439427,1
2025-01-16 14:59:37.050076432,1
2025-01-16 15:06:26.570414547,1
2025-01-16 16:47:42.597079362,1
2025-01-16 17:11:50.266185500,1
2025-01-16 17:26:16.981930616,1
2025-01-16 18:03:30.997829313,1
2025-01-16 18:05:41.792878120,1
2025-01-16 18:36:38.883658146,1
2025-01-16 19:03:58.948763212,1
2025-01-16 19:13:02.564011954,1
2025-01-16 19:20:18.976315295,1
2025-01-16 19:36:47.008521500,1
2025-01-16 20:05:49.378942806,1
2025-01-16 20:37:56.683923172,1
2025-01-16 21:23:09.241740262,1
2025-01-16 21:27:10.651969018,1
2025-01-16 21:32:42.964435614,1
2025-01-16 21:59:45.207741994,1
2025-01-16 22:03:47.144808583,1
2025-01-16 22:03:57.961922098,1
2025-01-16 22:08:43.845223166,1
2025-01-16 22:15:58.602341642,1
2025-01-16 22:23:16.490196803,1
2025-01-16 22:45:46.818079880,1
2025-01-16 23:06:04.624930062,1
2025-01-16 23:17:56.014597500,1
2025-01-16 23:43:55.303560519,1
2025-01-16 23:57:20.720459651,1
2025-01-17 00:18:17.468095078,1
2025-01-17 01:21:11.945677915,1
2025-01-17 01:49:29.586358689,1
2025-01-17 01:55:46.435480225,1
2025-01-17 01:59:12.351076551,1
2025-01-17 02:56:04.809411428,1
2025-01-17 03:17:40.318597532,1
2025-01-17 03:53:23.392783777,1
2025-01-17 04:10:47.539944389,1
2025-01-17 04:28:14.833621332,1
2025-01-17 06:52:21.997543138,1
2025-01-17 07:42:00.128287250,1
2025-01-17 07:43:19.441207954,1
2025-01-17 07:47:06.490068954,1
2025-01-17 07:56:03.613224585,1
2025-01-17 08:04:34.041897167,1
2025-01-17 08:08:29.812900991,1
2025-01-17 08:30:39.365812954,1
2025-01-17 08:41:45.989781220,1
2025-01-17 09:25:10.449830160,1
2025-01-17 09:33:53.845078013,1
2025-01-17 09:48:48.802860326,1
2025-01-17 09:59:45.486785328,1
2025-01-17 10:21:00.849733503,1
2025-01-17 10:26:47.508107665,1
2025-01-17 11:02:09.592625407,1
2025-01-17 12:10:33.588243771,1
2025-01-17 12:11:56.535899476,1
2025-01-17 12:12:01.767397785,1
2025-01-17 12:22:40.114667574,1
2025-01-17 12:38:07.656472656,1
2025-01-17 13:04:04.137977213,1
2025-01-17 13:14:45.148884908,1
2025-01-17 13:27:12.289540721,1
2025-01-17 13:45:47.761565370,1
2025-01-17 13:55:51.498664720,1
2025-01-17 15:04:08.269224252,1
2025-01-17 15:05:28.298542533,1
2025-01-17 15:07:52.666101734,1
2025-01-17 15:22:47.795615251,1
2025-01-17 15:28:59.421185804,1
2025-01-17 16:03:34.604224000,1
2025-01-17 16:12:06.474475685,1
2025-01-17 16:16:40.919575197,1
2025-01-17 16:20:12.868324204,1
2025-01-17 16:39:34.258321997,1
2025-01-17 16:43:08.584593143,1
2025-01-17 16:54:27.967995732,1
2025-01-17 17:17:19.900518452,1
2025-01-17 17:43:08.652622306,1
2025-01-17 17:52:43.971692504,1
2025-01-17 17:53:40.567509186,1
2025-01-17 18:02:41.945148984,1
2025-01-17 18:13:33.752893183,1
2025-01-17 18:25:56.595243134,1
2025-01-17 18:31:24.140939192,1
2025-01-17 19:55:32.092487238,1
2025-01-17 20:23:13.173733333,1
2025-01-17 20:25:05.690001883,1
2025-01-17 20:26:47.266459775,1
2025-01-17 20:38:44.341426498,1
2025-01-17 21:10:46.069663891,1
2025-01-17 21:12:30.076656493,1
2025-01-17 21:44:46.810818507,1
2025-01-17 22:06:11.604860002,1
2025-01-17 22:39:34.894455868,1
2025-01-17 23:14:09.693274472,1
2025-01-17 23:41:53.979593296,1
2025-01-18 00:00:49.258261453,1
2025-01-18 00:42:41.160375883,1
2025-01-18 01:02:41.325023673,1
2025-01-18 01:19:43.664495366,1
2025-01-18 01:34:44.146852304,1
2025-01-18 02:02:44.590809650,1
2025-01-18 02:09:43.066558465,1
2025-01-18 03:35:35.295405324,1
2025-01-18 04:07:46.807876029,1
2025-01-18 04:11:21.650247475,1
2025-01-18 04:36:45.168674151,1
2025-01-18 05:03:08.094550118,1
2025-01-18 05:05:45.551298679,1
2025-01-18 05:16:58.537904003,1
2025-01-18 05:23:49.522419746,1
2025-01-18 05:27:51.132977981,1
2025-01-18 05:33:45.243881345,1
2025-01-18 06:01:08.556974995,1
2025-01-18 06:15:13.723220266,1
2025-01-18 06:22:12.192657596,1
2025-01-18 06:26:48.926423593,1
2025-01-18 07:02:52.291543588,1
2025-01-18 07:15:12.171742497,1
2025-01-18 07:39:22.334888743,1
2025-01-18 07:50:29.185688001,1
2025-01-18 07:56:27.593702974,1
2025-01-18 08:24:28.944800712,1
2025-01-18 08:38:56.817073665,1
2025-01-18 08:59:37.775131527,1
2025-01-18 09:37:27.600132015,1
2025-01-18 10:28:57.482250461,1
2025-01-18 10:54:27.143799541,1
2025-01-18 11:13:58.642388423,1
2025-01-18 11:45:48.255495468,1
2025-01-18 11:52:16.742093591,1
2025-01-18 12:00:03.261012739,1
2025-01-18 12:26:15.751768387,1
2025-01-18 12:33:59.234310891,1
2025-01-18 12:41:35.592477195,1
2025-01-18 13:24:07.382300614,1
2025-01-18 13:57:57.604299416,1
2025-01-18 14:05:55.824083604,1
2025-01-18 14:18:03.031430420,1
2025-01-18 14:52:55.139359852,1
2025-01-18 14:54:53.514965834,1
2025-01-18 15:20:24.577600630,1
2025-01-18 15:24:09.739027787,1
2025-01-18 16:03:14.077103718,1
2025-01-18 16:16:03.224295845,1
2025-01-18 16:19:33.827787160,1
2025-01-18 16:19:34.408860732,1
2025-01-18 16:20:13.375300823,1
2025-01-18 16:28:09.663875570,1
2025-01-18 16:58:54.728345065,1
2025-01-18 16:59:38.113222806,1
2025-01-18 17:26:23.020333696,1
2025-01-18 18:11:07.931597911,1
2025-01-18 18:19:42.679556892,1
2025-01-18 18:46:27.510539976,1
2025-01-18 18:46:47.196543698,1
2025-01-18 18:49:23.073659875,1
2025-01-18 18:55:06.001591267,1
2025-01-18 19:06:11.016173458,1
2025-01-18 19:30:56.863133042,1
2025-01-18 20:05:44.292725237,1
2025-01-18 20:15:15.125119845,1
2025-01-18 20:29:38.488693122,1
2025-01-18 21:49:56.699227782,1
2025-01-18 22:05:47.964199575,1
2025-01-18 22:16:27.015570507,1
2025-01-18 22:50:55.789123493,1
2025-01-19 00:40:07.835937617,1
2025-01-19 00:50:55.353057419,1
2025-01-19 01:12:59.606979452,1
2025-01-19 02:02:13.623059796,1
2025-01-19 02:11:10.218888979,1
2025-01-19 02:22:56.656746148,1
2025-01-19 02:38:30.527989540,1
2025-01-19 02:55:38.918805829,1
2025-01-19 03:22:24.640275875,1
2025-01-19 03:46:25.390984726,1
2025-01-19 03:57:20.445025277,1
2025-01-19 04:48:42.133752762,1
2025-01-19 05:00:05.009653432,1
2025-01-19 05:05:27.892311130,1
2025-01-19 05:25:00.465564251,1
2025-01-19 06:01:42.426743355,1
2025-01-19 06:07:57.700794197,1
2025-01-19 06:25:51.578480561,1
2025-01-19 06:33:50.944660114,1
2025-01-19 06:34:30.464967542,1
2025-01-19 06:40:04.235084788,1
2025-01-19 07:03:29.341866194,1
2025-01-19 07:31:35.739571504,1
2025-01-19 07:36:53.523326011,1
2025-01-19 07:56:47.662853819,1
2025-01-19 08:08:00.792103773,1
2025-01-19 08:26:34.992616528,1
2025-01-19 08:27:21.725094233,1
2025-01-19 08:30:30.495691784,1
2025-01-19 08:34:50.898867627,1
2025-01-19 08:41:41.460906673,1
2025-01-19 08:52:38.763692883,1
2025-01-19 09:04:02.676062322,1
2025-01-19 09:15:12.002862686,1
2025-01-19 09:17:59.576820304,1
2025-01-19 10:15:47.779029104,1
2025-01-19 10:24:10.963138670,1
2025-01-19 10:40:14.588060381,1
2025-01-19 11:19:55.679292980,1
2025-01-19 11:22:39.944700802,1
2025-01-19 11:39:24.413935011,1
2025-01-19 11:49:21.782971712,1
2025-01-19 12:22:55.961826619,1
2025-01-19 12:36:06.834132922,1
2025-01-19 12:44:45.846029840,1
2025-01-19 12:45:01.858030586,1
2025-01-19 13:39:04.289739358,1
2025-01-19 13:41:21.181328975,1
2025-01-19 14:00:54.434945053,1
2025-01-19 14:08:19.658176006,1
2025-01-19 15:14:13.878939274,1
2025-01-19 15:17:33.712057531,1
2025-01-19 16:11:45.778468638,1
2025-01-19 17:34:29.105684738,1
2025-01-19 17:40:48.263141291,1
2025-01-19 17:43:02.223199289,1
2025-01-19 18:04:17.757581755,1
2025-01-19 18:10:24.780475766,1
2025-01-19 18:18:15.252932126,1
2025-01-19 18:45:18.614348316,1
2025-01-19 19:27:41.595999417,1
2025-01-19 19:46:17.541518038,1
2025-01-19 20:19:08.714014258,1
2025-01-19 20:21:35.293351556,1
2025-01-19 21:11:40.088492760,1
2025-01-19 21:14:25.354481110,1
2025-01-19 21:16:48.657504200,1
2025-01-19 21:22:55.070788584,1
2025-01-19 21:37:54.442849788,1
2025-01-19 21:41:33.406835065,1
2025-01-19 22:33:05.856755671,1
2025-01-19 22:38:08.587228789,1
2025-01-19 23:21:03.071482037,1
2025-01-20 00:10:59.031149746,1
2025-01-20 00:22:21.467343973,1
2025-01-20 01:07:17.973312207,1
2025-01-20 01:40:35.729145064,1
2025-01-20 01:51:02.229155960,1
2025-01-20 02:24:35.115414294,1
2025-01-20 02:47:38.098672490,1
2025-01-20 02:54:15.829866983,1
2025-01-20 04:08:36.510084503,1
2025-01-20 04:28:01.592844570,1
2025-01-20 05:05:22.190823233,1
2025-01-20 05:16:39.139129911,1
2025-01-20 05:38:02.942981203,1
2025-01-20 05:43:43.723811671,1
2025-01-20 05:51:03.738228167,1
2025-01-20 06:19:44.691331379,1
2025-01-20 07:00:25.461453864,1
2025-01-20 08:22:25.380962534,1
2025-01-20 08:36:24.847801624,1
2025-01-20 08:37:00.411156574,1
2025-01-20 08:40:40.487890549,1
2025-01-20 08:44:29.817931386,1
2025-01-20 09:51:15.114814436,1
2025-01-20 09:58:43.422095954,1
2025-01-20 10:06:30.783375834,1
2025-01-20 11:00:43.902088808,1
2025-01-20 11:16:33.683848192,1
2025-01-20 11:25:11.458741727,1
2025-01-20 11:25:49.314061079,1
2025-01-20 11:27:47.696092054,1
2025-01-20 11:32:42.053270189,1
2025-01-20 11:38:03.757718240,1
2025-01-20 11:50:12.069068236,1
2025-01-20 12:08:18.955889658,1
2025-01-20 12:13:55.395695457,1
2025-01-20 12:31:15.984571929,1
2025-01-20 12:42:28.809610461,1
2025-01-20 13:18:04.295169655,1
2025-01-20 13:33:23.895598146,1
2025-01-20 13:47:23.792757482,1
2025-01-20 13:57:03.587492937,1
2025-01-20 14:10:25.670519041,1
2025-01-20 14:17:43.516124111,1
2025-01-20 14:23:28.762928631,1
2025-01-20 14:40:48.009325732,1
2025-01-20 14:48:55.469698673,1
2025-01-20 14:56:40.649083341,1
2025-01-20 16:00:32.015540691,1
2025-01-20 16:23:41.825281190,1
2025-01-20 16:33:51.128261384,1
2025-01-20 16:56:01.404896019,1
2025-01-20 17:32:00.778255119,1
2025-01-20 18:51:10.163180210,1
2025-01-20 19:07:52.499011714,1
2025-01-20 19:09:02.096454953,1
2025-01-20 19:23:22.014258706,1
2025-01-20 19:25:05.204870267,1
2025-01-20 20:33:26.913877430,1
2025-01-20 20:36:34.445295630,1
2025-01-20 20:38:00.117408981,1
2025-01-20 21:24:13.702267501,1
2025-01-20 21:35:45.965598477,1
2025-01-20 21:50:11.599810967,1
2025-01-20 22:01:53.840038169,1
2025-01-20 22:54:58.330826726,1
2025-01-20 23:12:25.328136392,1
2025-01-20 23:25:16.806207334,1
2025-01-20 23:27:32.771052550,1
2025-01-21 00:26:06.947799975,1
2025-01-21 00:31:22.485872072,1
2025-01-21 01:26:38.902129912,1
2025-01-21 01:27:38.150740518,1
2025-01-21 02:08:29.195497252,1
2025-01-21 02:19:42.754709828,1
2025-01-21 03:46:23.512317834,1
2025-01-21 04:21:54.708648620,1
2025-01-21 04:24:29.846438133,1
2025-01-21 04:27:12.770639860,1
2025-01-21 04:35:05.029180924,1
2025-01-21 05:45:07.953709890,1
2025-01-21 06:03:05.138423291,1
2025-01-21 06:20:45.587232464,1
2025-01-21 06:56:24.045754733,1
2025-01-21 07:21:00.294185299,1
2025-01-21 07:44:47.459003568,1
2025-01-21 08:23:09.681316988,1
2025-01-21 08:40:07.470213975,1
2025-01-21 09:06:31.205258110,1
2025-01-21 09:16:27.699293757,1
2025-01-21 09:31:31.915127538,1
2025-01-21 09:50:58.241307637,1
2025-01-21 10:01:00.693080161,1
2025-01-21 10:35:29.944171023,1
2025-01-21 11:23:08.318662815,1
2025-01-21 11:26:48.981466871,1
2025-01-21 12:03:35.891365146,1
2025-01-21 12:04:58.028871829,1
2025-01-21 12:09:40.635172345,1
2025-01-21 12:26:37.127359854,1
2025-01-21 13:05:14.946492024,1
2025-01-21 14:18:19.687976146,1
2025-01-21 14:39:11.033174093,1
2025-01-21 14:40:22.040802512,1
2025-01-21 15:10:53.436564905,1
2025-01-21 15:15:31.526389047,1
2025-01-21 15:20:33.585472627,1
2025-01-21 15:22:27.039341016,1
2025-01-21 15:35:42.026623110,1
2025-01-21 15:43:46.048283860,1
2025-01-21 16:24:40.141399724,1
2025-01-21 16:49:57.640269981,1
2025-01-21 16:58:44.432923309,1
2025-01-21 17:05:59.663563259,1
2025-01-21 17:20:21.189799188,1
2025-01-21 17:26:06.062640691,1
2025-01-21 17:27:08.391058194,1
2025-01-21 17:35:57.839854418,1
2025-01-21 17:41:44.931031772,1
2025-01-21 18:07:54.018840558,1
2025-01-21 18:29:03.655199330,1
2025-01-21 18:34:13.413256549,1
2025-01-21 19:14:04.984319567,1
2025-01-21 19:30:36.914785671,1
2025-01-21 20:30:52.587060181,1
2025-01-21 21:00:38.099025977,1
2025-01-21 21:47:05.162793660,1
2025-01-21 22:50:39.195157822,1
2025-01-21 23:00:58.280066155,1
2025-01-21 23:22:59.232073816,1
2025-01-21 23:26:27.042512620,1
2025-01-21 23:32:00.988364205,1
2025-01-21 23:36:35.427735567,1
2025-01-21 23:48:56.915859098,1
2025-01-22 00:13:52.535032436,1
2025-01-22 00:30:45.240614815,1
2025-01-22 00:31:19.561093410,1
2025-01-22 00:36:10.519856341,1
2025-01-22 01:01:09.900397842,1
2025-01-22 01:21:28.599502186,1
2025-01-22 01:27:51.507937347,1
2025-01-22 01:35:09.925792622,1
2025-01-22 02:05:21.326663161,1
2025-01-22 02:20:00.878298583,1
2025-01-22 02:38:11.655660061,1
2025-01-22 02:49:35.005679468,1
2025-01-22 03:16:50.953137299,1
2025-01-22 04:01:26.645377556,1
2025-01-22 05:08:31.272277897,1
2025-01-22 05:30:59.397105005,1
2025-01-22 05:41:19.502605045,1
2025-01-22 05:44:29.345777592,1
2025-01-22 05:45:13.092144684,1
2025-01-22 06:47:02.875728568,1
2025-01-22 07:14:03.799897277,1
2025-01-22 07:23:59.480959713,1
2025-01-22 07:43:06.883605196,1
2025-01-22 08:20:53.455197512,1
2025-01-22 09:38:36.226173887,1
2025-01-22 09:43:01.741290361,1
2025-01-22 10:01:10.216408765,1
2025-01-22 10:33:00.034176555,1
2025-01-22 12:05:58.350352120,1
2025-01-22 12:34:23.034170924,1
2025-01-22 12:53:54.818583829,1
2025-01-22 13:16:58.798696911,1
2025-01-22 13:24:02.735627371,1
2025-01-22 13:47:00.334308371,1
2025-01-22 14:26:39.447190642,1
2025-01-22 14:32:50.158098820,1
2025-01-22 15:26:40.505355791,1
2025-01-22 15:28:52.664050155,1
2025-01-22 15:38:37.733090873,1
2025-01-22 15:42:15.214144900,1
2025-01-22 15:43:57.935154755,1
2025-01-22 16:57:30.347522458,1
2025-01-22 17:03:51.371332263,1
2025-01-22 17:18:16.292576760,1
2025-01-22 17:37:55.642851502,1
2025-01-22 17:40:44.448108604,1
2025-01-22 17:47:37.902297577,1
2025-01-22 17:54:08.840200220,1
2025-01-22 18:01:36.105013390,1
2025-01-22 18:14:47.167166500,1
2025-01-22 18:22:53.845317231,1
2025-01-22 18:56:36.252002083,1
2025-01-22 19:11:01.838477553,1
2025-01-22 19:21:29.363956711,1
2025-01-22 19:26:40.668101544,1
2025-01-22 19:55:24.021610446,1
2025-01-22 20:05:07.914004287,1
2025-01-22 20:14:57.463661286,1
2025-01-22 21:21:32.411655905,1
2025-01-22 21:22:43.400195605,1
2025-01-22 21:33:13.376911089,1
2025-01-22 21:51:41.864343564,1
2025-01-22 22:19:18.532024808,1
2025-01-22 22:45:46.130571928,1
2025-01-22 22:52:15.878951155,1
2025-01-22 22:52:24.770939394,1
2025-01-22 23:14:31.214005249,1
2025-01-22 23:32:20.487815317,1
2025-01-22 23:34:11.141425914,1
2025-01-22 23:48:19.651803888,1
2025-01-22 23:52:26.189693863,1
2025-01-22 23:54:51.787946823,1
2025-01-23 00:11:55.570227294,1
2025-01-23 00:34:20.927198710,1
2025-01-23 00:53:42.403788060,1
2025-01-23 01:01:04.147940761,1
2025-01-23 01:19:35.012237814,1
2025-01-23 01:31:47.666648117,1
2025-01-23 01:46:11.015592444,1
2025-01-23 02:11:38.773309850,1
2025-01-23 02:29:43.942180267,1
2025-01-23 02:49:38.996507692,1
2025-01-23 03:22:29.315599466,1
2025-01-23 03:31:43.381535161,1
2025-01-23 03:46:33.471102568,1
2025-01-23 04:07:16.607375478,1
2025-01-23 04:42:52.322564094,1
2025-01-23 04:48:47.163621823,1
2025-01-23 05:18:08.615815764,1
2025-01-23 05:24:35.745941201,1
2025-01-23 05:32:32.429512427,1
2025-01-23 05:43:32.507708399,1
2025-01-23 05:45:51.855844992,1
2025-01-23 06:29:01.252065584,1
2025-01-23 07:08:29.500734582,1
2025-01-23 08:09:54.498283043,1
2025-01-23 08:27:55.446239225,1
2025-01-23 08:50:38.115961217,1
2025-01-23 08:57:41.553516712,1
2025-01-23 08:58:16.016023769,1
2025-01-23 09:24:50.685937664,1
2025-01-23 09:29:14.503330435,1
2025-01-23 09:35:00.834830585,1
2025-01-23 11:14:37.124399099,1
2025-01-23 11:17:56.169964729,1
2025-01-23 11:19:47.692667693,1
2025-01-23 11:21:21.632023636,1
2025-01-23 11:42:42.958155348,1
2025-01-23 11:51:39.655989438,1
2025-01-23 11:59:45.963880705,1
2025-01-23 12:15:42.145648746,1
2025-01-23 12:17:50.611903908,1
2025-01-23 12:20:40.439773800,1
2025-01-23 13:10:29.266255134,1
2025-01-23 13:52:56.349860988,1
2025-01-23 14:09:31.679238022,1
2025-01-23 14:58:31.911678062,1
2025-01-23 15:00:07.198127054,1
2025-01-23 15:16:17.349271204,1
2025-01-23 15:39:09.723156568,1
2025-01-23 16:16:14.081208389,1
2025-01-23 16:33:26.231514402,1
2025-01-23 16:50:16.798791216,1
2025-01-23 16:57:10.624101456,1
2025-01-23 17:19:10.896203140,1
2025-01-23 17:21:53.482038110,1
2025-01-23 18:00:56.024672006,1
2025-01-23 18:14:30.758194518,1
2025-01-23 18:16:48.110385958,1
2025-01-23 18:23:57.317705702,1
2025-01-23 18:36:25.864662693,1
2025-01-23 19:46:34.437594434,1
2025-01-23 20:09:07.534091801,1
2025-01-23 20:40:31.983084367,1
2025-01-23 22:13:06.313484220,1
2025-01-23 22:40:30.748711500,1
2025-01-23 22:42:01.888834145,1
2025-01-23 23:06:49.282797437,1
2025-01-23 23:36:31.349954424,1
2025-01-23 23:44:04.436355053,1
2025-01-23 23:47:36.922519422,1
2025-01-24 00:03:54.760341330,1
2025-01-24 02:08:22.721144643,1
2025-01-24 02:39:02.498028101,1
2025-01-24 03:20:00.531285544,1
2025-01-24 03:49:36.266597895,1
2025-01-24 03:58:05.788139741,1
2025-01-24 04:17:15.502708251,1
2025-01-24 05:15:53.419569400,1
2025-01-24 05:23:04.057077914,1
2025-01-24 05:24:12.002433611,1
2025-01-24 07:56:29.601537538,1
2025-01-24 08:06:29.381878045,1
2025-01-24 09:39:10.075364136,1
2025-01-24 09:57:05.426180708,1
2025-01-24 10:13:36.196657999,1
2025-01-24 10:34:45.073451747,1
2025-01-24 10:52:03.313969043,1
2025-01-24 11:57:47.234895569,1
2025-01-24 12:08:37.442859249,1
2025-01-24 12:11:55.733102220,1
2025-01-24 12:51:03.607726021,1
2025-01-24 13:14:02.652704374,1
2025-01-24 13:14:45.315171731,1
2025-01-24 13:37:34.209547191,1
2025-01-24 14:10:54.196676687,1
2025-01-24 14:18:31.802498836,1
2025-01-24 14:29:06.649544387,1
2025-01-24 14:31:41.750598460,1
2025-01-24 14:38:32.145129991,1
2025-01-24 15:01:08.616006509,1
2025-01-24 15:01:46.206619102,1
2025-01-24 15:31:44.094576688,1
2025-01-24 16:29:55.525523784,1
2025-01-24 16:32:15.311704668,1
2025-01-24 16:43:54.485437601,1
2025-01-24 16:48:38.214361870,1
2025-01-24 17:01:54.978105824,1
2025-01-24 17:33:39.499562149,1
2025-01-24 17:55:03.066925306,1
2025-01-24 18:05:32.884560714,1
2025-01-24 18:09:48.679503143,1
2025-01-24 19:30:34.012264743,1
2025-01-24 19:36:42.979701421,1
2025-01-24 19:43:58.289779578,1
2025-01-24 19:44:04.485958530,1
2025-01-24 21:13:06.665764434,1
2025-01-24 21:43:32.439919200,1
2025-01-24 22:23:23.371339733,1
2025-01-24 23:02:09.163962123,1
2025-01-24 23:12:49.220936879,1
2025-01-24 23:24:37.962806254,1
2025-01-24 23:58:12.512178187,1
2025-01-25 00:23:54.901215983,1
2025-01-25 00:25:35.389981517,1
2025-01-25 00:39:23.591328502,1
2025-01-25 01:44:47.480733962,1
2025-01-25 02:03:17.612251464,1
2025-01-25 02:23:30.361357745,1
2025-01-25 02:29:38.349365045,1
2025-01-25 03:50:11.696883113,1
2025-01-25 04:39:08.593094856,1
2025-01-25 04:53:28.352433907,1
2025-01-25 05:02:18.068676095,1
2025-01-25 05:08:48.007668389,1
2025-01-25 05:19:19.974608051,1
2025-01-25 05:22:40.040519951,1
2025-01-25 05:28:17.466709808,1
2025-01-25 05:29:17.307968937,1
2025-01-25 06:08:43.862061698,1
2025-01-25 06:10:29.254255343,1
2025-01-25 06:11:33.067649481,1
2025-01-25 06:50:34.497678156,1
2025-01-25 07:06:07.628794133,1
2025-01-25 07:31:59.886084304,1
2025-01-25 08:06:45.604864281,1
2025-01-25 08:20:28.319157406,1
2025-01-25 08:47:26.318366091,1
2025-01-25 09:02:08.516518875,1
2025-01-25 10:18:01.353872283,1
2025-01-25 10:51:50.336011158,1
2025-01-25 10:59:04.741665144,1
2025-01-25 11:13:26.818250242,1
2025-01-25 11:17:52.928733638,1
2025-01-25 11:43:18.835524768,1
2025-01-25 11:48:52.784938575,1
2025-01-25 12:03:25.195954034,1
2025-01-25 12:18:27.108268066,1
2025-01-25 12:34:48.577650897,1
2025-01-25 12:40:30.971802945,1
2025-01-25 12:55:27.411182498,1
2025-01-25 13:32:58.506814256,1
2025-01-25 13:38:55.404226801,1
2025-01-25 13:47:28.674938239,1
2025-01-25 14:11:37.063962724,1
2025-01-25 14:16:11.765122683,1
2025-01-25 15:16:53.536031291,1
2025-01-25 15:45:56.335572419,1
2025-01-25 16:15:04.776501886,1
2025-01-25 16:40:10.981760271,1
2025-01-25 16:47:37.725799559,1
2025-01-25 16:59:49.129079663,1
2025-01-25 17:14:09.869807835,1
2025-01-25 17:29:34.464150887,1
2025-01-25 17:57:17.718598609,1
2025-01-25 18:04:47.940542381,1
2025-01-25 18:16:56.053893097,1
2025-01-25 19:26:51.506360662,1
2025-01-25 20:24:14.464778598,1
2025-01-25 20:31:24.039000162,1
2025-01-25 20:53:27.345466990,1
2025-01-25 20:58:25.363337329,1
2025-01-25 21:06:38.083272104,1
2025-01-25 21:14:27.617847616,1
2025-01-25 21:35:53.834411762,1
2025-01-25 22:28:55.397782119,1
2025-01-25 22:41:40.338224608,1
2025-01-25 23:42:13.841806084,1
2025-01-26 00:26:48.723650995,1
2025-01-26 00:41:54.519473956,1
2025-01-26 01:04:42.510531578,1
2025-01-26 01:23:53.399643768,1
2025-01-26 01:59:46.860890513,1
2025-01-26 02:17:48.450991011,1
2025-01-26 02:32:06.578460001,1
2025-01-26 02:50:26.455438464,1
2025-01-26 03:07:48.484754365,1
2025-01-26 03:13:43.567033155,1
2025-01-26 03:14:12.942020911,1
2025-01-26 03:24:20.607710093,1
2025-01-26 03:33:17.210226317,1
2025-01-26 05:32:42.439242284,1
2025-01-26 05:49:26.536332127,1
2025-01-26 06:07:10.627361746,1
2025-01-26 06:28:57.534248482,1
2025-01-26 06:52:37.195625346,1
2025-01-26 06:56:08.024295402,1
2025-01-26 07:09:08.241120969,1
2025-01-26 07:10:48.173742819,1
2025-01-26 07:10:49.830883834,1
2025-01-26 07:25:22.136539923,1
2025-01-26 08:45:05.121321401,1
2025-01-26 08:57:55.150948689,1
2025-01-26 08:59:23.475109947,1
2025-01-26 09:06:18.757509308,1
2025-01-26 09:10:22.733446178,1
2025-01-26 09:36:14.300924772,1
2025-01-26 09:43:54.107850188,1
2025-01-26 10:04:40.766107372,1
2025-01-26 10:15:44.536365013,1
2025-01-26 10:36:22.892249640,1
2025-01-26 10:55:32.449558803,1
2025-01-26 11:39:32.131167181,1
2025-01-26 11:46:54.018357926,1
2025-01-26 11:55:25.145043073,1
2025-01-26 12:08:22.805257280,1
2025-01-26 12:23:13.755529420,1
2025-01-26 12:27:51.630746927,1
2025-01-26 12:43:55.742240244,1
2025-01-26 13:10:35.435823815,1
2025-01-26 13:16:35.880439726,1
2025-01-26 13:59:35.785237693,1
2025-01-26 14:35:16.192635531,1
2025-01-26 15:08:18.273931400,1
2025-01-26 15:36:10.847678372,1
2025-01-26 15:57:30.069871756,1
2025-01-26 16:10:46.361055331,1
2025-01-26 16:32:46.410434200,1
2025-01-26 17:11:11.523700202,1
2025-01-26 17:22:35.435447040,1
2025-01-26 17:26:14.731713922,1
2025-01-26 18:29:12.133932954,1
2025-01-26 19:21:10.918495992,1
2025-01-26 19:30:10.369039303,1
2025-01-26 19:40:11.031365731,1
2025-01-26 20:11:36.769271286,1
2025-01-26 20:23:20.699719989,1
2025-01-26 20:35:26.674973131,1
2025-01-26 20:51:14.380984291,1
2025-01-26 20:56:40.362962094,1
2025-01-26 21:13:18.584882603,1
2025-01-26 21:18:11.960457665,1
2025-01-26 21:27:08.203576903,1
2025-01-26 21:34:02.039518465,1
2025-01-26 21:35:39.311741982,1
2025-01-26 22:17:38.116448324,1
2025-01-26 22:25:38.157376473,1
2025-01-26 22:33:01.341948735,1
2025-01-27 00:45:06.236444886,1
2025-01-27 01:03:11.865999909,1
2025-01-27 01:04:16.976691661,1
2025-01-27 01:15:39.906209017,1
2025-01-27 01:24:04.651250882,1
2025-01-27 01:37:14.316032271,1
2025-01-27 01:41:27.180708357,1
2025-01-27 01:45:16.758303261,1
2025-01-27 01:47:12.754693017,1
2025-01-27 02:13:04.460488764,1
2025-01-27 02:13:39.981894600,1
2025-01-27 02:44:39.359270087,1
2025-01-27 02:48:10.427205813,1
2025-01-27 03:17:13.181403498,1
2025-01-27 03:42:58.426641300,1
2025-01-27 04:05:10.143570613,1
2025-01-27 04:05:57.255717459,1
2025-01-27 04:14:44.009020582,1
2025-01-27 04:36:06.561716356,1
2025-01-27 04:36:32.146130017,1
2025-01-27 04:44:08.077083224,1
2025-01-27 04:54:27.722187626,1
2025-01-27 05:36:30.246964894,1
2025-01-27 05:41:51.764244841,1
2025-01-27 05:46:16.744030708,1
2025-01-27 06:54:40.396427126,1
2025-01-27 07:03:48.909981124,1
2025-01-27 07:13:00.025467731,1
2025-01-27 07:41:49.958722407,1
2025-01-27 08:06:24.335045027,1
2025-01-27 08:18:01.667599707,1
2025-01-27 08:37:19.388064231,1
2025-01-27 08:45:27.904341221,1
2025-01-27 09:09:21.407670385,1
2025-01-27 09:12:22.688132529,1
2025-01-27 09:15:24.237023268,1
2025-01-27 09:24:12.617635860,1
2025-01-27 09:24:34.107696955,1
2025-01-27 09:29:47.833243408,1
2025-01-27 09:44:39.228912911,1
2025-01-27 09:53:11.501391632,1
2025-01-27 09:56:08.538734646,1
2025-01-27 12:00:54.937290594,1
2025-01-27 12:40:07.750643681,1
2025-01-27 12:46:08.018692221,1
2025-01-27 13:22:55.971086352,1
2025-01-27 14:14:25.826527924,1
2025-01-27 14:42:15.600006833,1
2025-01-27 14:43:23.459418341,1
2025-01-27 15:00:05.464834828,1
2025-01-27 15:14:50.197968486,1
2025-01-27 15:30:10.332044008,1
2025-01-27 15:32:33.793455948,1
2025-01-27 15:57:41.782288502,1
2025-01-27 16:40:23.883252097,1
2025-01-27 16:42:07.668792485,1
2025-01-27 16:48:27.711457957,1
2025-01-27 16:48:41.724558821,1
2025-01-27 17:23:28.097803657,1
2025-01-27 18:59:41.685076042,1
2025-01-27 19:00:05.842070639,1
2025-01-27 19:45:50.315307011,1
2025-01-27 19:57:37.192012224,1
2025-01-27 20:55:29.070857288,1
2025-01-27 22:10:41.029926744,1
2025-01-27 22:43:06.344973843,1
2025-01-27 22:45:47.747594503,1
2025-01-27 23:01:45.516772705,1
2025-01-27 23:05:32.264651483,1
2025-01-28 00:40:10.305771350,1
2025-01-28 00:52:59.476477549,1
2025-01-28 00:58:03.692657367,1
2025-01-28 01:05:11.940264821,1
2025-01-28 02:12:39.728433549,1
2025-01-28 02:14:58.016309098,1
2025-01-28 02:41:13.394141811,1
2025-01-28 03:25:27.374999036,1
2025-01-28 03:35:50.817407455,1
2025-01-28 03:57:41.821598778,1
2025-01-28 04:13:57.830742951,1
2025-01-28 04:26:11.479793155,1
2025-01-28 04:36:26.743494937,1
2025-01-28 04:37:50.854593421,1
2025-01-28 04:44:39.780692120,1
2025-01-28 04:48:33.140080177,1
2025-01-28 05:00:40.566853241,1
2025-01-28 05:28:44.700345498,1
2025-01-28 05:34:12.152061788,1
2025-01-28 05:40:48.935173737,1
2025-01-28 05:48:40.201778739,1
2025-01-28 06:20:00.164356993,1
2025-01-28 06:59:52.903207006,1
2025-01-28 07:02:52.419236779,1
2025-01-28 07:49:38.122562585,1
2025-01-28 08:20:21.673657105,1
2025-01-28 08:22:16.702270138,1
2025-01-28 08:44:24.067215152,1
2025-01-28 09:02:18.774476676,1
2025-01-28 09:17:11.300120930,1
2025-01-28 09:18:48.664478371,1
2025-01-28 09:39:41.133286807,1
2025-01-28 09:55:14.500131248,1
2025-01-28 10:01:31.123034493,1
2025-01-28 10:13:24.889737427,1
2025-01-28 10:42:48.181952838,1
2025-01-28 10:43:44.679853782,1
2025-01-28 10:54:41.266830462,1
2025-01-28 11:31:27.983099792,1
2025-01-28 11:42:40.854963769,1
2025-01-28 12:21:50.760345284,1
2025-01-28 12:25:25.677965387,1
2025-01-28 12:54:56.043103620,1
2025-01-28 13:50:28.561086633,1
2025-01-28 13:53:31.837995061,1
2025-01-28 14:28:47.994406171,1
2025-01-28 14:34:51.383279375,1
2025-01-28 14:37:18.252340710,1
2025-01-28 14:39:22.243490758,1
2025-01-28 14:49:45.264728618,1
2025-01-28 14:50:02.764111078,1
2025-01-28 14:55:40.474872795,1
2025-01-28 15:06:06.923827560,1
2025-01-28 15:17:50.331025158,1
2025-01-28 15:22:28.329548995,1
2025-01-28 15:30:07.348685215,1
2025-01-28 15:34:09.561873970,1
2025-01-28 15:39:43.986107153,1
2025-01-28 16:03:41.216644459,1
2025-01-28 16:14:22.939768069,1
2025-01-28 16:41:41.560707423,1
2025-01-28 16:47:13.414852393,1
2025-01-28 16:47:46.116331588,1
2025-01-28 17:03:11.674574635,1
2025-01-28 17:28:20.964798605,1
2025-01-28 17:30:20.916381033,1
2025-01-28 17:52:58.941215711,1
2025-01-28 17:55:26.084396165,1
2025-01-28 18:02:36.826122805,1
2025-01-28 18:18:55.364745210,1
2025-01-28 18:20:57.039610825,1
2025-01-28 18:40:27.496092553,1
2025-01-28 18:55:40.568858703,1
2025-01-28 19:17:07.101054553,1
2025-01-28 19:18:43.263372887,1
2025-01-28 19:24:32.425279432,1
2025-01-28 19:57:27.678562122,1
2025-01-28 19:57:56.203885219,1
2025-01-28 20:32:45.912488428,1
2025-01-28 20:58:51.665758658,1
2025-01-28 21:00:48.105290538,1
2025-01-28 21:04:09.094053664,1
2025-01-28 21:34:12.345646693,1
2025-01-28 21:47:24.673528193,1
2025-01-28 21:58:22.849965494,1
2025-01-28 22:04:36.257297280,1
2025-01-28 22:16:02.878006693,1
2025-01-28 22:24:55.361802723,1
2025-01-28 22:35:29.775476030,1
2025-01-28 23:11:01.810144515,1
2025-01-28 23:11:43.545980017,1
2025-01-28 23:55:27.878258488,1
2025-01-29 00:02:13.580742655,1
2025-01-29 00:08:51.857977805,1
2025-01-29 00:31:29.861460713,1
2025-01-29 01:10:45.318478736,1
2025-01-29 01:27:06.001071434,1
2025-01-29 01:32:37.780794350,1
2025-01-29 01:34:48.852977270,1
2025-01-29 01:45:36.955683281,1
2025-01-29 01:47:09.625761747,1
2025-01-29 02:25:15.618682228,1
2025-01-29 02:32:11.997411614,1
2025-01-29 02:58:03.027624945,1
2025-01-29 03:30:46.965069942,1
2025-01-29 03:47:56.828129003,1
2025-01-29 04:14:24.793060520,1
2025-01-29 04:31:06.201087061,1
2025-01-29 04:39:36.302591949,1
2025-01-29 05:04:48.001012863,1
2025-01-29 05:28:09.277107152,1
2025-01-29 05:31:12.672291868,1
2025-01-29 05:59:34.585283431,1
2025-01-29 06:08:34.244771872,1
2025-01-29 07:02:13.159117516,1
2025-01-29 07:39:11.967849084,1
2025-01-29 07:53:38.761076054,1
2025-01-29 08:12:22.282245601,1
2025-01-29 08:15:12.285293918,1
2025-01-29 08:28:41.481261705,1
2025-01-29 08:40:23.050427081,1
2025-01-29 08:49:35.268907691,1
2025-01-29 09:01:52.021970722,1
2025-01-29 10:24:47.414773935,1
2025-01-29 10:27:48.032654935,1
2025-01-29 10:29:36.157424273,1
2025-01-29 10:41:36.600163233,1
2025-01-29 10:49:37.483751052,1
2025-01-29 11:10:21.855692890,1
2025-01-29 11:15:58.802154169,1
2025-01-29 11:54:43.964496193,1
2025-01-29 12:27:34.698627932,1
2025-01-29 12:31:43.927749458,1
2025-01-29 12:34:25.598591773,1
2025-01-29 12:57:04.428746103,1
2025-01-29 12:57:44.958450924,1
2025-01-29 13:03:52.525473609,1
2025-01-29 13:44:03.266697221,1
2025-01-29 13:46:47.396326613,1
2025-01-29 14:04:01.054332328,1
2025-01-29 14:16:29.028053803,1
2025-01-29 15:22:59.687056147,1
2025-01-29 15:32:07.165966289,1
2025-01-29 16:06:02.061061253,1
2025-01-29 16:53:13.196083185,1
2025-01-29 16:56:29.273845485,1
2025-01-29 17:09:28.907562390,1
2025-01-29 17:24:22.606440822,1
2025-01-29 17:37:12.987899601,1
2025-01-29 18:12:07.880492369,1
2025-01-29 18:13:09.042206675,1
2025-01-29 18:18:32.458531881,1
2025-01-29 18:22:46.150185155,1
2025-01-29 18:24:31.673520324,1
2025-01-29 18:29:42.690069679,1
2025-01-29 18:37:19.410345007,1
2025-01-29 18:45:09.743378840,1
2025-01-29 18:45:47.143438646,1
2025-01-29 19:00:20.431032509,1
2025-01-29 19:03:47.967657327,1
2025-01-29 19:14:22.516590980,1
2025-01-29 19:27:26.185582462,1
2025-01-29 19:45:31.379456197,1
2025-01-29 19:55:03.549634087,1
2025-01-29 19:56:46.984964550,1
2025-01-29 19:57:01.207791828,1
2025-01-29 20:06:59.766231802,1
2025-01-29 20:38:43.335973815,1
2025-01-29 21:48:43.100177859,1
2025-01-29 22:14:58.088475121,1
2025-01-29 22:23:49.614890678,1
2025-01-29 23:17:19.605630676,1
2025-01-30 00:05:16.564180252,1
2025-01-30 00:34:20.096694330,1
2025-01-30 01:23:40.526502615,1
2025-01-30 01:51:09.691539498,1
2025-01-30 02:06:03.518364917,1
2025-01-30 02:37:02.665506032,1
2025-01-30 02:56:56.063544765,1
2025-01-30 03:42:48.000381993,1
2025-01-30 03:47:42.920176625,1
2025-01-30 03:50:42.953744420,1
2025-01-30 04:02:54.142760770,1
2025-01-30 04:05:18.939701747,1
2025-01-30 04:17:47.522344151,1
2025-01-30 04:40:28.884701390,1
2025-01-30 05:18:36.154522433,1
2025-01-30 06:28:35.508690165,1
2025-01-30 06:36:10.480082830,1
2025-01-30 06:45:48.808835375,1
2025-01-30 06:54:34.031824420,1
2025-01-30 06:55:30.056889412,1
2025-01-30 06:58:58.002966360,1
2025-01-30 07:01:05.692004319,1
2025-01-30 07:17:33.730134762,1
2025-01-30 07:28:45.967053923,1
2025-01-30 08:24:56.320862727,1
2025-01-30 08:25:30.331435387,1
2025-01-30 08:31:52.567239555,1
2025-01-30 08:41:58.770571452,1
2025-01-30 09:00:11.356122345,1
2025-01-30 09:05:26.060354496,1
2025-01-30 09:12:55.403421827,1
2025-01-30 09:18:15.175167845,1
2025-01-30 09:41:16.201280211,1
2025-01-30 09:46:32.026213118,1
2025-01-30 10:11:22.934856775,1
2025-01-30 10:36:21.081056065,1
2025-01-30 10:51:33.356619310,1
2025-01-30 10:58:51.672589937,1
2025-01-30 11:01:12.423943488,1
2025-01-30 11:12:31.257507849,1
2025-01-30 11:34:58.728762919,1
2025-01-30 14:45:20.472403396,1
2025-01-30 14:52:48.208739688,1
2025-01-30 14:55:40.369519279,1
2025-01-30 14:57:29.376992662,1
2025-01-30 15:41:50.876908651,1
2025-01-30 15:55:34.602091254,1
2025-01-30 16:02:38.276193144,1
2025-01-30 16:14:21.761018935,1
2025-01-30 16:22:29.732804000,1
2025-01-30 16:33:34.165967218,1
2025-01-30 16:53:03.443055442,1
2025-01-30 16:58:09.533860325,1
2025-01-30 17:25:07.930458623,1
2025-01-30 17:56:42.727993585,1
2025-01-30 17:59:36.371224990,1
2025-01-30 18:02:45.593545758,1
2025-01-30 18:14:05.218007529,1
2025-01-30 18:41:16.968686274,1
2025-01-30 18:50:15.185403302,1
2025-01-30 20:33:00.486011381,1
2025-01-30 21:05:54.900000245,1
2025-01-30 21:06:59.736921821,1
2025-01-30 21:24:31.244331488,1
2025-01-30 21:51:01.972518874,1
2025-01-30 21:53:45.655135515,1
2025-01-30 22:31:32.359797965,1
2025-01-30 22:36:27.208235513,1
2025-01-30 22:41:07.075326564,1
2025-01-30 22:59:55.961641297,1
2025-01-30 23:01:15.440795042,1
2025-01-30 23:22:08.231861569,1
2025-01-30 23:27:44.570528338,1
2025-01-30 23:32:31.418670646,1
2025-01-30 23:56:36.688603427,1
